Listing Title,Price
Sony PlayStation 5 Console Disc Version (PS5) Brand New  SHIPS NOW üööüí®,1999.99
Playstation 5 Bundle PS5 Disc Version Bundle  Controller  Spider-man ‚úîÔ∏èIN HAND‚úîÔ∏è,1349.0
Sony PlayStation 5 Console Disc Version (PS5) Brand New - Ships Today,1399.99
Playstation 5 Disc Version W/ Extra Dualsense Controller - SHIPS OUT NEXT DAY,1199.0
Sony PlayStation 5 Console Disc Version PS5. IN HAND üî•BRAND NEW SHIPS NOWüî•,1749.99
Pre-owned Sony PlayStation 5 Disc Edition with Games!,815.0
Sony PlayStation 5 Disc Version (Brand New),1050.0
Sony Playstation 5 (PS5) DIGITAL¬†Edition In Hand Ship ASAP Free Shipping,1099.99
Sony PlayStation 5 PS5 Console DISC Version (IMAGE) *READ DESCRIPTION*,400.0
Sony PlayStation 5 Console Disc PS5 Controller Cocomelon JJ Doll BUNDLE NEW,1595.0
Sony PlayStation 5 PS5 DIGITAL EDITION Console Bundle Extra Controller++ IN HAND,1048.0
Sony Playstation 5 Digital Edition Console - Brand New - Free Shipping,949.99
üéÅ Sony PlayStation 5 (PS5) Disc Version Console | ‚úÖ NEW  ‚úÖ IN HAND ‚úÖ SHIPS NOW!,1399.0
NEW Sony PlayStation 5 Console Disc Ver FREE OVER NIGHT SHIP EXTRA CONTROLLER,1399.99
Sony PlayStation 5 Console PS5 Disc - In Hand  Ships Today (Expedited),1399.98
BRAND NEW! Sony PlayStation 5 Console Disc Version READY TO SHIP disk ps5,960.0
üî•üî• Playstation 5  PS5 NEW disk 2020 print READ DESCRIPTION üî•üî•,474.99
PlayStation 5 Digital Edition - IN HAND FREE 2 DAY SHIPPING ‚úÖ TRUSTED SELLER ‚úÖ,1199.0
Sony PlayStation 5 Console Disc Version (PS5) Brand New  SHIPS NOW üööüí®,1199.99
PS5 Sony Playstation 5 Console Disc Edition Bundle (Spiderman Demon  SHIPS FAST),1380.0
Sony PlayStation 5 Console - White,770.0
Sony PlayStation 5 PS5 Console Digital Edition NEW IN HAND üî•,1049.0
Playstation 5 Console Standard Disk Edition BRAND NEW IN HAND SHIPS FAST!!,927.99
PlayStation 5 Bundle - Console  Sackboy Game  & Extra Controller - In Hand - NIB,965.0
Sony Playstation 5 Console Disc Version PS5 - Ships NEXT day!,1250.0
playstation 5 disc,500.0
Sony PlayStation 5 Console Disc Version (PS5) Brand New  SHIPS NOW üööüí®,1000.0
Sony PlayStation 5 Digital Edition (Barely Used),740.0
SONY PlayStation 5 Console (Disc Version) | PS5 ,1099.0
Playstation 5 Console Standard Disk Edition,880.0
BRAND NEW PS5 | PLAYSTATION 5 | DIGITAL EDITION | PAPER EDITION,600.0
Sony PlayStation 5 Console Disc Version (PS5) Brand New  SHIPS FREE,861.0
Sony PlayStation 5 PS5 DIGITAL¬†EDITION  BRAND NEW  IN HAND  SHIPS TODAY!!,1099.99
Sony Playstation 5 Console - Disc Version - Brand New - Unopened ,800.0
üî•üî• NEW Sony PlayStation 5 PS5 Console Disc Version BUNDLE IN-HAND SHIPS üöõüí®üî•,1099.0
BRAND NEW Sony PlayStation 5 Console Disc Version PS5.,1699.99
Sony PlayStation 5 Disc Drive Console PS5 Free Shipping In-Hand Quick Shipment,1099.97
New Walmart Confirmed PlayStation 5 PS5 Disc Disk Console READ DESCRIPTION!!!!,830.0
Sony PlayStation 5 - PS5 - White Console Standard Disc Version - In Hand,1150.0
Sony Playstation 5 Accessories,623.0
NEW PS5 Sony Playstation 5 (DISC VERSION) ORDER CONFIRMED Priority Mail,925.0
NEW PS5 - Sony Playstation 5 Console Disc Version IN HAND - FREE 2 DAY SHIPPING,1000.0
Sony PlayStation 5 PS5 Disc Console Bundle Extra Controller Spiderman SHIPS NOW,1250.0
Sony PlayStation 5 PS5 BUNDLE Console Disc Version NEW IN HAND SHIPS NOW!,1300.0
Sony Playstation P5S Console Disc Version read photo description,770.0
Sony playstation 5 ps5 disc version with extras Spider-Man bundle,960.0
Sony PlayStation 5 Console Disc Version PS5 NEW IN HAND SHIPS FREE TODAY FASTüö®,1199.0
Sony playstation 5 ps5 console disc version,741.0
Sony PlayStation 5 Console Disc Version (PS5) Brand New,950.0
SONY PLAYSTATION 5 PS5 DISC VERSION - FREE OVERNIGHT SHIP - BRAND NEW SEALED,1499.0
Sony PlayStation 5 Console (PS5) Disc Version - BRAND NEW - Expedited Shipping,770.0
Sony PlayStation 5 Console Disc Version - TRUSTED SELLER,770.0
Sony PlayStation 5 Console PS5 - Disc Version - NEW IN HAND,810.0
Sony PlayStation 5 Console Standard Blu-Ray Disc Version! Ready To Ship!,1050.0
Sony PlayStation 5 - PS5 - Console Standard Disc Version - In Hand,700.0
Sony PlayStation 5 Console Disc Version PS5 - Brand New Sealed In Hand,535.0
Sony PlayStation 5 Console - White disc version,760.0
Playstation 5 Disc Version PIC,465.0
Sony PlayStation 5 Console Disc Version - Ps5 in Hand | Ready to Ship,830.0
Playstation 5 Console Standard Digital Edition,915.0
SONY PLAYSTATION 5 PS5 DISC VERSION CONSOLE IN HAND READY TO SHIP,880.0
Brand New Sony Playstation 5 Console Disc Version PS5 IN HAND - Ships next day!,960.0
Sony PlayStation 5 Console PS5 Disk Edition Brand New Free Express Shipping!!,1499.99
Sony PlayStation 5 Disc Edition Brand New‚úì‚úì‚úì,910.0
NEW Sony PlayStation 5 Console Disc Costco PS5 Bundle Game  IN HAND  SHIPS TODAY,1249.99
Sony PS5 PlayStation 5 Console (Disc) + Extra Controller & SpiderMan Bundle,1299.0
‚úÖ NEW Sony PlayStation 5 PS5 Disc SPIDERMAN + EXTRA CONTROLLER Costco Bundle ‚úÖüî•,1250.0
Sony PlayStation 5 - PS5 - Console Standard Disc Version - In Hand *SHIPS TODAY*,760.0
Sony PlayStation 5 Console (Disc Version) PS5 - Brand New!!! Sealed In Hand!!!,966.0
Sony PlayStation 5 PS5 Console Disc Version Bundle! Ready to Ship!,975.0
Sony PlayStation 5 Console PS5 *Disc Version* Brand New In Hand Ships Free ASAP!,1099.0
Sony PlayStation 5 PS5 COSTCO BUNDLE Console Disc Version NEW IN HAND FAST SHIP,910.0
BRAND NEW Sony PlayStation 5 Console (PS5 Disc Version) TLOU/Uncharted Bundle,979.99
NEW in Box - Sony PlayStation 5 - PS5 - Console Standard Disc Version ,720.0
üö® PLAYSTATION 5 (PS5) Console - DISC VERSION - BRAND NEW & READY TO SHIP üö®,1149.0
Sony PlayStation 5 Console - PS5 - White - BRAND NEW - IN HAND READY TO SHIP,750.0
PlayStation 5 CostCo Bundle: Console  Extra Controller  Spider-Man Game.,1100.0
Sony PlayStation 5 Ps5 Console Disc Version *NEW*,820.0
Sony PlayStation 5 - PS5  - Console Standard Disc Version - In Hand,790.0
PS5 - PlayStation 5 Console Standard (Disc) Version + DualSense Wireless Control,989.99
üî• Sony PlayStation 5 Console - with Ultra HD Blu-Ray Disc Drive-Ships NEXT day!,1200.0
Playstation 5 disc console picture read description ,450.0
Sony PlayStation 5 Disc Console Spider-Man Bundle With Extra Controller.,690.0
SONY PLAYSTATION 5 PS5 DISC VERSION *ON HAND* WILL SHIP ASAP,910.0
Sony Playstation 5 - Standard Disc Edition *In Hand*,1049.99
Sony Playstation 5 Console Disc Version ,880.0
Sony PlayStation 5 Disc Version Console PS5 *New*  In Hand & Ready to Ship!,820.0
‚úÖSony PlayStation 5 PS5 Console Standard Disc Spider-Man Bundle *IN HAND*‚úÖ,925.0
üéÅ Sony PlayStation 5 (PS5) Disc Version Console | ‚úÖ NEW  ‚úÖ IN HAND ‚úÖ SHIPS NOW!,1199.99
Sony PlayStation 5 Console - White,810.0
Sony PlayStation 5 Console Disc Version Bundle PS5 New  4 Games + Controller,1399.99
Playstation 5,750.0
Sony PlayStation 5 Gaming Console Disc Version PS5  NEW #PS5CONDISCD,700.0
Sony PlayStation 5 Console Disc Version (PS5) Brand New in hand ready to ship ,820.0
Sony PlayStation 5 Console Digital Version Ps5 IN HAND Trusted Seller Brand New!,913.0
PS5 - PlayStation 5 Console Disc Version IN HAND - FAST SHIPPING BRAND NEW,1050.0
Sony PlayStation 5 Console Disc Version 1 Controller  Brand New in Hand,610.0
Sony PlayStation 5 PS5 SAMS BUNDLE Console Disc Version NEW IN HAND! FREE SHIP,970.0
New Sony PlayStation 5 ps5 Console disc version - White,849.0
PS5 - PlayStation 5 Console Disc Version - IN HAND - SHIPS FAST - FACTORY SEALED,1299.99
Sony PlayStation 5 Console Disc Version PS5. IN HAND üî•BRAND NEW READY TO SHIPüî•,925.0
PlayStation 5 Disc Version Ultimate Gamer Bundle PS5,1300.0
Sony PlayStation 5 Console Disc Version (PS5) Brand New  SHIPS NOW üööüí®,729.0
Sony PlayStation 5 Console PS5 - Disc Version - NEW IN HAND,759.0
PS5 SONY PLAYSTATION 5 CONSOLE DIGITAL VERSION  SHIPS NOW üööüí®,1699.99
Sony PlayStation 5 Console - Disc Version - PS5 - New Sealed Box - Ships ASAP,725.0
PlayStation 5 - Disc Edition,750.0
PS5 Sony PlayStation 5 CONSOLE DISC Version BRAND NEW - FREE 2 DAY SHIPPING,1399.99
Sony PlayStation 5 Console Disc Version PS5 - Brand New Sealed In Hand UPS Ship!,820.0
Sony PlayStation 5 Disc Version + 1year PS PLUS IN HAND üî•BRAND NEW SHIPS NOW!üî•,785.0
PLAYSTATION 5 BNIB WITH EXTRA CONTROLLER AND CHARGER IMG (PLEASE!!! READ!!!),700.0
New Sony Playstation 5 PS5 DIGITAL¬†Edition Console! Will Ship Thursday Morning!,865.0
Sony Playstation 5 DISC Console bundle w Extra Controller and SpiderMan Game,679.0
PS5 PlayStation 5 Console Standard Disc Version - Ready To Ship Now!!,949.99
Playstation 5 Disc Version Brand New  Fast shipping  in Hand,680.0
NEW NIB Playstation 5 - Disc Version - Ready to ship.,800.0
Sony PlayStation 5 PS5 Disc Console Bundle Extra Control Spiderman FREE SHIPPING,1300.0
üéÆSony PlayStation 5 Disc Version Console PS5 *Trusted Seller* In Hand Fast Ship,699.99
Sony PlayStation 5 Console Disc Version (PS5) Brand New!!!,830.0
Sony PlayStation 5 Console Disc Version PS5. IN HAND üî•BRAND NEW SHIPS TODAYüî•,1000.0
Sony PlayStation 5 Console-PS5 (Disc Vers) - White - üî• SHIPS TOMORROWüî• In Hand,650.0
Sony PlayStation 5 PS5 COSTCO BUNDLE Console Disc Version NEW IN HAND FAST SHIP,1350.0
Brand New Unopened Playstation 5  Disc Edition In Hand  Ready To Ship (PS5),665.0
Sony PlayStation 5 Gaming Console Bundle **IN HAND & READY TO SHIP**,1249.99
Sony PlayStation 5 PS5 Standard Console Disc Version Blu Ray IN HAND BRAND NEW,700.0
Sony PlayStation 5 Console - Disc Version (PS5) Brand New -SHIPS OVERNIGHT‚úàÔ∏èüöõüì¶,1599.0
Sony Playstation 5 DIGITAL¬†Edition PS5 -Ready To Ship,710.0
Sony PS5 PlayStation 5 Console Disc Version Brand New IN HAND 1-DAY AUCTION,910.0
NEW Sony PS5 - PlayStation 5 Console Disc Version & Controller IN HAND FAST SHIP,899.95
Sony PlayStation 5 Console - White Disc version,850.0
Sony Playstation 5 (PS5) - Disc Version,645.0
‚úÖSony PlayStation 5 - PS5 DIGITAL¬†EDITION VERSION CONSOLE BUNDLE - IN HAND ‚úÖ,960.0
Sony PlayStation 5 PS5 Console Disc Version BRAND NEW  IN HAND  READY TO SHIP!,960.0
Sony PlayStation 5 Console PS5 Disc Version (BUNDLE) PriorityMail Fast Shipping!,1210.0
Sony PlayStation 5 Console - White,1150.0
Sony Playstation 5 Bluray Disc Version Console PS5 IN HAND SHIPS NOW FAST,1049.99
Sony PlayStation 5 Console - In Hand - Free FedEx Shipping,900.0
Sony PS5 Console Disc Version PlayStation 5 Brand New IN HAND SHIPS FAST üî•üööüí®,1200.0
Sony Playstation 5 Console Disc PS5 Picture,299.0
Sony PlayStation 5 Console Disc PS5  PRIORITY EXPRESS SIGNATURE 1-2 DAY SHIPPING,1250.0
SONY PlayStation 5 Console (Disc Version) | PS5 ,665.0
Sony Playstation 5 Disc Version with Store Receipt,955.0
‚úÖ Sony PlayStation 5 Console Disc Bundle | In-hand | Ships same-day before 4 PM!,1249.99
Sony PlayStation 5 PS5 Console Disc Version BRAND NEW  IN HAND  READY TO SHIP!,905.0
Sony PlayStation 5 Console Blu Ray Disc Version PS5 BRAND NEW - TRUSTED SELLER!,710.0
Sony PlayStation 5 Console Disc Version PS5. IN HAND üî•BRAND NEW SHIPS NOWüî•,865.0
Sony PlayStation 5 Console - PS5 Disc Version ** NEW ** IN HAND **,820.0
Sony PlayStation 5 PS5 (Digital Version) Brand New Free EXPEDITED SHIPPING!,999.99
Sony PlayStation 5 PS5 Console DISC Version NEW + EXTRA CONTROLLER - SHIPS NOW!!,740.0
Sony PlayStation 5 Console Disc Version (PS5) Brand New Unopened SHIPS NOW,99.0
PS5 - PlayStation 5 Console Disc Version - üí® SHIPS ASAP üí®,1249.0
Sony Playstation 5 PS5 Disc - IN HAND - FAST SHIPPING ‚úÖ TRUSTED SELLER ‚úÖ,1249.95
SONY PLAYSTATION 5 DISC/BLU-RAY EDITION *IN-HAND READY TO SHIP*,1000.0
Sony PS5 Playstation 5 Digital Edition Console IN HAND READY TO SHIP!,975.0
Sony PlayStation 5 Disc Console PS5 White + NBA 2K21 Game Bundle + 2-DAY SHIP!,1249.95
üéÆ Playstation 5 disc version üéÆ FREE SHIPPING ships same day,760.0
Sony PlayStation 5 PS5 Standard Console Disc Version GAMES BUNDLE In Hand!! NEW!,1399.0
Sony Playstation 5 ps5 disc version INHAND-SHIPS FASTüööüí® Ovrnight Ship Avail.,1195.99
New Sony Playstation 5 - PS5 - Disc Console - IN HAND - Ready to SHIP,810.0
PS5 - Playstation 5 console digital version. Fast  Free Shipping!,534.0
üî•In Hand Brand New PLAYSTATION 5 PS5 Gaming Console Disc Edition READY TO SHIP!,785.0
Playstation 5 Disc Version! In hand!! üíØ% Feedback! Fast shipping!,1099.0
PlayStation 5 Console Physical Edition,1099.0
Sony Playstation 5 PS5 Console Disc Version - IN HAND - SHIPS OUT NEXT DAY,1179.0
Sony PlayStation 5 Console Disc Version Bundle SAME DAY SHIP üî•üî•üî•,1050.0
üî• Sony PlayStation 5 PS5 DIGITAL¬†EDITION VERSION CONSOLE IN HANDüî• SHIPS FASTüî•,1149.95
Sony PS5 PlayStation 5 Console DISC Version BUNDLE - COSTCO IN HAND - SEALED,1549.99
Sony PlayStation 5 Console Disc Version (PS5) "IN HAND READY TO SHIP SAME DAY",1299.99
Sony Playstation 5 Disc Version PS5 - NEW IN HAND SHIPS FAST! FREE SHIPPING,1098.5
Sony PlayStation 5 PS5 Disc Console Bundle Xtra Controler Spiderman FREE SHIP,1475.0
Sony PlayStation 5 Console Disc Version PS5 - READY TO SHIP - BRAND NEW,1000.0
Sony PlayStation 5 Console Disc Version PS5 - BRAND NEW-SEALED-üî•FREE SHIPPINGüî•,720.0
üî• Sony PlayStation 5 Console Disc Version PS5 üî• IN HANDüî• NEW Benefits Charity,700.0
üö®Sony PlayStation 5 Console DISC VERSION BRAND NEW IN HAND FAST SHIPPINGüö®,750.0
SONY PLAYSTATION 5 PS5 CONSOLE BLU RAY VERSION BRAND NEW *IN HAND* FREE SHIPPING,910.0
Sony PlayStation 5¬†,610.0
Playstation 5 Disc Version Brand New  Fast shipping  in Hand,680.0
PlayStation 5 Disc Version Console,820.0
Playstation 5 Console Disc Version (New) PS5,810.0
Sony PlayStation 5 - PS5 Console Disc Blu-ray Version - In Hand - Quick Shipping,1050.0
‚úÖFREE SHIPPING‚úÖ PlayStation 5 (DISC) IN HAND ,1250.0
Sony PlayStation 5 Console - Disc Version - READY TO SHIP!,950.0
SONY PLAYSTATION 5 - DISC VERSION EDITION CONSOLE IN HAND SHIP ASAP,1100.0
Sony PS5 PlayStation 5 Console (Disc) BUNDLE - In Hand - Ships Fast!,1450.0
PS5 Sony PlayStation 5 CONSOLE DISC Version BRAND NEW - FREE 2 DAY SHIPPING,1499.99
SONY PLAYSTATION 5 DISC Version - IN HAND READY TO SHIP - PS5 Brand New,999.0
PlayStation 5 Console Disc Version - Ps5 + Extra - Free Expedited Shipping!,1099.98
Sony PlayStation 5 PS5 Disc Version Edition Console Pickup Ships Now!,1299.99
Sony PlayStation 5 Console Disc Version ,550.0
PS5 Sony PlayStation 5 Console Disc Version SEALED IN-HAND  SHIPS TODAY!,740.0
Sony PlayStation 5 Disc Version *UNOPENED* - IN HAND - FAST SHIPPING üî•üî•üî•,630.0
Playstation 5,810.0
New Sony Playstation 5 PS5 Disc Edition Bundle In Hand Headphones & Charger,1299.99
PlayStation 5 Console + Spider-Man  2 DualSense Wireless Controllers SHIPS 12/11,770.0
PS5 PlayStation 5 Console Disc Edition NEW,731.0
Sony PlayStation 5 Console Disc Version PS5 - Brand New Sealed In Hand UPS Ship!,810.0
Sony PlayStation 5 Console Blu Ray Disc Version PS5 BRAND NEW - TRUSTED SELLER!,700.0
Playstation 5 PS5 Console Disc Bundle: Extra Controller+SpiderMan *In Hand*,1249.99
Sony Playstation 5 Costco Bundle,999.0
Sony PlayStation 5 PS5 COSTCO Bundle Console Disc Version NEW IN HAND FAST SHIP,860.0
Playstation 5,890.0
Sony PlayStation 5 Console Ultimate Bundle Disc Version  IN HAND READY TO SHIP,1699.95
Sony PlayStation 5 - PS5 - Console Standard Disc Version - In Hand READY TO SHIP,1875.0
Sony PlayStation 5 Console - White,820.0
üî•üî•Playstation 5 Disc Editionüî•üî•,707.0
Sony PlayStation 5 Console - Disc Version (PS5) Brand New - SHIPS OVERNIGHT üööüí®,1499.99
PS5 Sony PlayStation 5 CONSOLE Digital Version Bundle Pulse Dual Controller New,1200.0
BRAND NEW SONY PLAYSTATION 5 DISC EDITION CONSOLE - IN HAND & READY TO SHIP!!,1299.95
SONY PLAYSTATION 5 PS5 - 2 DAY SHIPPING - DIGITAL‚úÖ AND DISC‚úÖ AVAILABLE,1199.99
Sony PlayStation 5 Console Disc Version PS5 Brand New Free Overnight Shipping,1799.0
Sony PlayStation 5 PS5 Standard Console Disc Version Blu Ray IN HAND BRAND NEW,1449.0
Sony PlayStation 5 - PS5 - Console Standard Disc Version - In Hand READY TO SHIP,1875.0
Sony PlayStation 5 PS5 Disc - FREE OVERNIGHT SHIPPING ,1394.0
Sony PlayStation 5 Console - White,820.0
üî•üî•Playstation 5 Disc Editionüî•üî•,707.0
Sony PlayStation 5 Console Disc Version (PS5) Brand New - Ships Today,910.0
Sony PlayStation 5 Console - White,700.0
Sony PlayStation 5 Console - White *BUNDLE* Extra Controller & Game,1049.0
PLAYSTATION 5 - DISC VERSION / WITH RECEIPT,950.0
PlayStation 5 disc version Console!! In Hand  Ships ASAP!!,995.0
‚úÖ‚úÖSony PlayStation 5 Console Disc Version PS5 IN HAND. BRAND NEW. SHIPS TODAY!‚úÖ‚úÖ,1199.99
New Sony Playstation 5 Digital Version Console PS5 In Hand Fast FREE SHIPPING,1399.95
Sony PlayStation 5 Console Disc Version PS5. IN HAND üî•BRAND NEW SHIPS TODAYüî•,1699.95
New Sony Playstation 5 Disk Version Console PS5 Ships Fast In Hand Ships Now,1395.95
Sony PlayStation 5 Console Disc Costco PS5 Bundle - IN HAND - ‚≠êÔ∏èSHIPS TODAY‚≠êÔ∏è,1249.99
PS5 - PlayStation 5 Console Disc Version READY TO SHIP LAST ONE!,630.0
PlayStation 5 Console - DISC Version -¬† IN HAND - Ready to Ship - NEW in Box üî•,499.99
PS5  Sony Playstation 5 Console Disc Version  Brand New  Ships Fast,710.0
Sony PlayStation 5 Console Disc Version (PS5) BRAND NEW  IN-HAND  READY to SHIP,780.0
üéÆSony PlayStation 5 ConsoleüéÆ Disc Version PS5. Brand New Ships ‚ö°Ô∏è Fast‚ÄºÔ∏è‚ÄºÔ∏è,980.0
Sony Playstation 5 Console Disc Version ,890.0
NEW Sony PlayStation 5 (PS5) Console White Disc version Still Sealed! NO RESERVE,700.0
Sony PlayStation 5 Console (DISC),870.0
Sony PlayStation 5 Console Disc Version (PS5) Brand New  SHIPS SAME DAY üööüí®,1000.0
Sony PlayStation 5 Console - White. Brand New Sealed  Receipt In Hand‚Äô,780.0
Sony PlayStation 5 Console Disc Version (PS5) Brand New READY TO SHIP!¬†,1100.0
Sony PlayStation 5 Disc Version Console - New PS5 - Ships Free Today!,860.0
SONY PLAYSTATION 5 DISC VERSION üî•BUNDLEüî•FAST SHIPPING! SHIPS SAME DAY! üî•,930.0
Brand New Sony PlayStation 5 Console Disc Version Ready To Ship Free,1199.0
Sony playstation 5 ps5 disc version includes 1 yr playstation plus subscription,880.0
SONY PLAYSTATION 5 PS5 DISC VERSION - FREE OVERNIGHT SHIP - BRAND NEW SEALED,1499.99
PS5 - PlayStation 5 Console Disc Version IN HAND Ready To Ship!,670.0
Sony Playstation 5 Console Disc Version BRAND NEW ! Free Ship ! Merry Christmas ,1549.99
Sony Playstation 5 PS5 Disc Version Console - IN HAND - FREE SHIPPING,1099.99
PlayStation 5 Disc and Microsoft XBOX Series X Bundle - FREE OVERNIGHT SHIPPING,2729.0
Sony PlayStation 5 Bundle Camera Controller & Spider-Man Game PS5 #PS5CAMERBUND,1199.0
PlayStation 5 Disc Version - IN HAND - Ready To Ship,999.99
üî•PS5 Sony PlayStation 5 console Disc Version Brand New  sealed -¬† IN HAND,760.0
PS5 Sony Playstation 5 DIGITAL¬†Edition Bundle WITH Extra Controller  Remote+More,0.01
Sony PlayStation 5 Console Disc Version (PS5) Brand New - Read Description,710.0
üí•New Sony Playstation 5 Disc Console PS5 Ships Fastüí• In Hand üí•Ships Now,810.0
NEW Sony PlayStation 5 Digital¬†Edition Console PS5 **In Hand** SHIPS TODAY,700.0
Playstation 5 console BRAND NEW UNOPEN,750.0
Sony PlayStation PS5 Spiderman Bundle + Free Shipping !!!!,970.0
New Playstation 5 Standard Edition Console (Disc Version) - Please Read,1100.0
Sony PlayStation 5 PS5 Console Disc Mega Bundle - Free shipping - NoReserve!!,860.0
Sony PlayStation 5 Disc Edition Bundle - Dark Souls  - Brand New - Sealed,1289.99
NEW PS5 Playstation 5 Blu-Ray DISC Edition Console with Controller SHIPS FAST,1050.0
Sony PlayStation 5 Console PS5 Disc Version (BUNDLE) READ DESCRIPTION,900.0
NEW Sony PlayStation 5 Console Disc Version PS5 Bundle In Hand Ships Today,701.0
BRAND NEW Sony PlayStation 5 Console Disc Version PS5.,830.0
*NEW IN STOCK* Sony PlayStation 5 Console Standard (Disc) Version¬† READY TO SHIP,1150.0
PS5 PlayStation 5 Console Disc Version - Sealed Box Ship Next Day After Pmt Rec.,700.0
‚úÖSony PlayStation 5 - PS5 DIGITAL¬†EDITION VERSION CONSOLE IN HAND SHIPS NOW!‚úÖ,1000.0
SONY PLAYSTATION 5 PS5 DISC VERSION Image ONLY!!. Read Description. No returns,579.0
Sony Playstation 5 (PS5) DIGITAL¬†EDITION CONSOLE BUNDLE IN HAND READY TO SHIP,1250.0
Sealed Sony Playstation 5 (PS5) Console Disc Version,699.0
Sony Playstation 5 (PS5) Disc Version Console Brand New In Hand *Free Shipping*,1100.0
Sony PlayStation 5 Console Disc Version PS5 - Brand New Sealed In Hand,880.0
PS5 Sony Playstation 5 Disc Version Bundle *IN HAND*,840.0
PS5 Sony PlayStation 5 Console Disc Version - SEALED  IN HAND  FAST SHIPPING,609.0
Sony PlayStation 5 PS5 Console (Disc Version) - NEW - IN-HAND - Ready To Ship,815.0
SONY PS5 PLAYSTATION 5 CONSOLE - Brand New  SHIPS NOW üööüí®,1149.95
Sony PlayStation 5 PS5 Console - Disc Edition *Brand New*,930.0
Sony PlayStation 5 DISC VERSION PS5 Console ‚úÖSHIPS TODAY! ‚úÖ IN HAND,1499.0
Sony PlayStation 5 Disk Edition Brand New  SEALED,831.2
‚ú®üéÅSony PlayStation 5 Disc Version UNOPENED PS5 - IN HAND - FREE & SHIPS NOW!!üöö,670.0
üî•Sony PlayStation 5. Disc Version. üî•- IN HAND- Ships Immediately,644.0
Sony PlayStation 5 - PS5 - Console Disc Version - In Hand üî•FREE PRIORITY SHIPüî•,1180.0
PlayStation 5 Disc Version Brand new unopened.¬†,860.0
‚úÖ Sony Playstation 5 Disc Version Ps5 *In Hand* ‚úÖ,672.0
SONY PlayStation 5 - PS5 Console DISC Version - IN HAND - FREE Shipping,1075.0
Sony PlayStation 5 PS5 Digital Edition / Version - IN HAND READY TO SHIP ‚úÖ,990.0
Sony PlayStation 5 (PS5) Console Standard Disc Edition - IN HAND & READY TO SHIP,699.0
Sony PlayStation 5 Console - PS5 Disc Version üî• NEW üî• IN HAND READY TO SHIP üî•,630.0
Sony PlayStation 5 Console Disc Version (PS5) Brand New  SHIPS NOW üööüí®,980.0
PlayStation 5 disc version ,1200.0
Sony PlayStation 5 PS5 COSTCO BUNDLE Console Disc Version! FREE USPS SHIPPING,910.0
Sony Playstation 5 Console PS5 Disk Version *NEW* IN HAND- Ships ASAP,900.0
Sony PlayStation 5 Console - PS5 - DISC VERSION - New - Sealed - Fast Shipping,820.0
üéÅ Sony PlayStation 5 (PS5) Disc Version Console | ‚úÖ NEW ‚úÖ IN HAND ‚úÖ SHIPS NOW!,800.0
Sony PlayStation 5 PS5 Disc COSTCO BUNDLE: Controller  Spider-Man  Membership!,1219.49
Sony PS5 PlayStation 5 Disc Edition Console BRAND NEW| International Ship. Avail,710.0
Sony PlayStation 5 PS5 Ultimate Gamer System Bundle Console Disc Version 7pc set,1995.0
Playstation 5 Console Disc Version- In Hand- Ships Next Day!,650.0
PlayStation 5 Disk Console *confirmed preorder*,679.0
PS5 - PlayStation 5 Console Standard (Disc) Bundle Confirmed Order (FAST SHIP),900.0
PS5 Sony PlayStation 5 Digital Console FREE OVER NIGHT SHIP EXTRA CONTROLLER,1099.99
Sony PlayStation 5 Ultimate Bundle SHIPS Same Day,1500.0
‚úÖ Sony PlayStation 5 PS5 Disc‚úÖ üî•Fast  Free INSTANT 2-Day Shipping!üî•New  SEALED,1125.0
Sony PlayStation 5 Console Disc Version PS5 Bundle In hand Ready To Ship!,1150.0
** Sony Playstation 5 PS5 Disc Version - Will Ship Immediately  No Reserve!! **,820.0
üî•Brand New PS5 PlayStation 5 Console Disc Version / 1 Day Auction üî•,890.0
NEW Sony PlayStation 5 Disc Version UNOPENED PS5! FREE 2DAY SHIPPING !!! FAST,810.0
Sony PlayStation 5 PS5 Bundle Disc Edition - Confirmed Kohl‚Äôs Order,600.0
Sony PlayStation 5 Console Disc Version PS5 - Brand New Sealed In Hand Ready To!,885.0
Sony Playstation 5 Bluray Disc Console In Hand and Ready to Safely Ship Day of !,825.0
Sony PS5 PlayStation 5 Console DIGITAL BRAND NEW & SEALED **SPECIAL BUNDLE**,1000.0
Sony PlayStation 5 Console - White - DISK VERSION - **Fast Shipping!!**,900.0
PlayStation 5 Disk Version  BRAND NEW IN BOX  SHIPS AS SOON AS BID ENDS!,650.0
PLAYSTATION 5 DISC CONSOLE NEW -10 YR ACCT - SHIPS TODAY ,989.0
Sony Playstation 5 - PS5 - COSTCO BUNDLE W/ SPIDERMAN + EXTRA CONTROLLER,1250.0
Sony Playstation 5 ps5 Console disc edition- Brand New unopened! Ships Fast!!!,1099.99
Sony PlayStation 5 Console (PS5) Disc Version - BRAND NEW - Expedited Shipping,770.0
Sony PlayStation 5 Disk Edition **SHIPS SAME BUSINESS DAY**,780.0
Sony PlayStation 5 Disc Version PS5,880.0
Sony PlayStation 5 PS5 COSTCO BUNDLE Console Disc Version NEW  SHIPS TODAY,1250.0
Sony PlayStation 5 (Disc Version),790.0
Sony PS5 PlayStation 5 Disc Edition Console BRAND NEW| International Ship. Avail,710.0
Sony PlayStation 5 PS5 COSTCO BUNDLE Console Disc Version NEW IN HAND FAST SHIP,1250.0
Sony PlayStation 5 PS5 COSTCO BUNDLE Console Disc Version SHIP TODAY with Gift,1350.0
Brand New PlayStation 5,1200.0
Playstation 5,790.0
PLAYSTATION 5 PS5 BLU-RAY COSTCO BUNDLE-üî•üî•IN HAND FAST SHIPPING!!!‚ö°Ô∏è,700.0
Sony PlayStation 5 PS5 Console Disc Version - Ready To Ship,900.0
Sony PlayStation 5 Disc version Costco Bundle,770.0
PS5 PlayStation 5 Console Disc Version Sony NEW READY TO SHIP,1199.0
Sony Playstation 5 PS5 Console Disc Version (READ DESCRIPTION; PICTURE ONLY),720.0
SONY PLAYSTATION 5 DISC Version - IN HAND READY TO SHIP - PS5 Brand New,665.0
**Brand New Sony PlayStation 5 (PS5) console Disc Version**,910.0
PlayStation 5,800.0
Sony Playstation 5 Console,825.0
Sony PlayStation 5 Disc IN HAND READY TO SHIP,600.0
PS5 Sony PlayStation 5 Console Disc Version SEALED IN-HAND  SHIPS TODAY!,735.0
BRAND NEW! Sony PlayStation 5 Console Disc Version PS5 Ready To Ship PS5 Disc,800.0
Sony PlayStation 5 Bundle,1300.0
BRAND NEW Sony PlayStation 5 Console Disc Version PS5.¬† Free Fast shipping üî• üî•,760.0
Sony PlayStation 5 Console (White) - Disk Bundle BRAND NEW¬†,800.0
Sony PlayStation 5 Disc Version Brand New Sealed!!,860.0
SONY PLAYSTATION 5 PS5 CONSOLE (DISC EDITION) BRAND NEW - IN HAND - SHIPS FAST,1225.0
PS5 Playstation 5 Console Disk/Disc Version *FREE SHIPPING*,1049.97
NEW Sony PlayStation 5 PS5 Disc Console Bundle COSTCO - IN HAND,1200.0
Sony PlayStation 5 Console Disc Version PS5. IN HAND. BRAND NEW. ,910.0
Sony Playstation 5 Console Disc Version Brand New In Hand - Same Day Shipping,831.0
Playstation 5 Disc Console NEW - IN HAND - FREE SHIPPING ONCE PAYMENT RECEIVED ,710.0
Sony Playstation 5 (PS5) disc version - FREE SHIPPING,780.0
Sony PlayStation 5 Console Disc Version PS5 IN HAND üî•BRAND NEWüî• FREE SHIPPING,1025.0
24 Hour Auction! Sony PlayStation 5 PS5 Disc Version Ships Same Or Next Day!,790.0
Sony PS5 PlayStation 5 Console Disc Version New / Ready to ship.,1000.0
Sony PlayStation 5 Disc Console PS5 White BRAND NEW + FREE 2-DAY SHIPPING !,1199.95
PS5 - PlayStation 5 Console Disc Version White - Arrive Before Christmas,999.0
Sony PlayStation 5,770.0
Sony PlayStation 5 Console Disc Edition Sealed Box In Hand Ready To Ship PS5 ,1059.99
Sony PlayStation 5 Console Disc Edition IN HAND FREE OVERNIGHT SHIPPING üööüööüöö,1199.99
Sony PlayStation 5 Console - White,770.0
PS5 - PlayStation 5 Console Disc Version In Hand Ready To Ship! Extra controller,970.0
Sony PlayStation 5 Disc Version Console Bundle - IN HAND & SAME DAY SHIPPING!!!,1299.99
Sony PlayStation 5 Disc Console COSTCO BUNDLE PS5 SAME DAY SHIPS FREE,1299.0
Sony Playstation 5 Disc Version ‚úÖ BRAND NEW IN HAND SHIPS NOW ‚úÖ,1318.88
PlayStation 5 Console Disc Version (PS5) Brand New w/Spider-Man Miles Morales,820.0
Sony PlayStation 5 Bundle,800.0
Sony PlayStation 5 Console Disc Version (PS5) Brand New & Sealed,999.99
Sony PlayStation 5 Console DISC VERSION BUNDLE - White+Brand New In Original Box,835.0
NEW Sony PlayStation 5 Console PS5 Disc Edition - IN HAND - SAME DAY SHIPPING,1025.0
PlayStation 5 Disc Console¬† - NEW - IN HAND - SHIPS AS SOON AS PAYMENT RECEIVED,710.0
Sony PlayStation 5 825GB Video Game Console - White,710.0
Sony playstation,735.0
Sony PlayStation 5 Standard Disc Console Bundle PS5 FREE SHIPPINGüéÆ‚úÖread!!,860.0
Sony PlayStation 5 Console DISC Version PS5   - ON HAND,560.0
IN HAND - PS5 - PlayStation 5 Console Disc Version - TRUSTED SELLER - SHIPS FAST,1074.99
Sony PlayStation 5 Disc Version PS5 COSTCO BUNDLE FAST SHIPPING. SAME DAY SHIP!,1300.0
Sony PlayStation 5 PS5 Digital Edition Console BRAND NEW In Hand Ready to Ship!¬†,660.0
Sony PlayStation 5 PS5 Standard Console Disc Version w/extra controller IN HAND,1099.0
Sony PlayStation 5 Disc Edition Bundle *Arrives before Christmas!* - NEW IN HAND,107.5
Sony PlayStation 5 Console - White,660.0
Sony PlayStation 5 Console (PS5) - Disc BRAND NEW SHIPS NOW üööüí®,940.0
üï∑*IN HAND* Sony PlayStation 5 PS5 Console Disc Spiderman Bundle Extra Controlüï∑,1050.0
Sony PlayStation 5  Ships Next Day  Insured Package  Come get your new PS5. ,660.0
Playstation 5 Disc Version - BRAND NEW - NIB - No Reserve,795.0
Sony PlayStation 5 Console - White,725.0
Sony PlayStation 5 Console - PS5 Disc Version üí• NEW üí• IN HAND READY TO SHIP üí•,760.0
New Walmart Confirmed PlayStation 5 ps5 - playstation 5 console disc version,1100.0
Sony ps5 console disc version Playstation 5,761.0
Sony PlayStation 5 PS5 console Disk Version - White IMAGE ONLY READ DESCRIPTION,510.0
Sony playstation 5 ps5 console disc version Bundle,850.0
Sony - playstation 5 digital edition console,710.0
ps5 - playstation 5 console disc version.üî•BRAND NEW IN BOX üî• READY TO SHIP,710.0
Sony PlayStation 5 PS5 Console Disc Version Factory Sealed "NEW",899.0
Sony PlayStation 5 Console Disc Version (PS5) Brand New In-Hand,800.0
PS5 PlayStation 5 Console Disc Version **SHIPS SAME DAY** ‚úàÔ∏è,1200.0
IN HAND  SHIPS FAST & SAFE - PS5 PlayStation 5 Disc Version Bundle!,696.0
üéÅ SEALED NEW Sony PlayStation 5 üéÅConsole Disc Versionüö®PRIORTY MAIL  Warranty¬†,699.0
PlayStation 5 Game Console - DISK VERSION üíø READY TO SHIP üö¢ GREAT GIFT üéÅ,729.99
Sony PlayStation 5 Console PS5 / Digital Version / White / üööüí®FREE SHIPPINGüööüí®,1049.99
Sony PlayStation 5 Console - White,910.0
Sony PlayStation 5 Console Disc Drive Brand New Ready To Ship,910.0
playstation 5 Disc,670.0
Sony PlayStation 5 Console Bundle - Spider-Man Ultimate Launch Edition + Xtras,613.26
** BRAND NEW- UNOPENED** PlayStation 5 Console,795.0
Sony PlayStation 5 Console DISC Version PS5 - IN HAND - FREE SHIPPING,900.0
Sony PlayStation 5 PS5 Disc Bundle - ANTOnline In Hand,861.0
Playstation 5 Disc Version Ultimate Bundle¬†,920.0
Sony PlayStation 5 (PS5) Console - Disc Version - *IN HAND* FREE Shipping!,750.0
Sony PlayStation 5 Console (PS5) - Disc BRAND NEW SHIPS NOW üööüí®,740.0
Sony PlayStation 5 PS5 Console DISC Edition - IN HAND  READY TO SHIP!!! ,930.0
Sony PlayStation 5 Console Disc Version PS5,880.0
Sony PlayStation 5 PS5 Console Disc Version *IN HAND* FAST SHIPPING** (Last One),810.0
Sony PlayStation 5 Console Disc Version (PS5) Brand New  SHIPS NOW üööüí®,900.0
Brand New Playstation 5 Consule,900.0
Sony PlayStation 5 PS5 Bundle. 5 Disc Version. With Wal-Mart Receipt  SHIPS FREE,849.0
SONY PS5 Playstation 5 Console Disc Version *In hand and ready to ship*,860.0
Sony PlayStation 5 Console Disc Version - White,710.0
Sony PlayStation 5 825GB With 1 CONTROLLER Video Game Console Picture,524.95
Sony PlayStation 5 PS5 COSTCO BUNDLE Console Disc Version NEW IN HAND FAST SHIP,1600.0
Sony PlayStation 5 Console - White,1100.0
Sony PlayStation 5 PS5 Console DISC VERSION Controller BUNDLE *SHIPS TODAY* üî•,1299.99
Sony PlayStation 5 Console Disc Version (PS5) Brand New  SHIPS NOW üööüí®,1399.95
SONY PLAYSTATION 5 PS5 DISC VERSION *ON HAND* Read Description,1099.0
Sony PlayStation 5 Console Disc Version - White,710.0
Sony PlayStation 5 Console Disc Version PS5. IN HAND. BRAND NEW. SHIPS TODAY,1599.99
Sony PlayStation 5 825GB With 1 CONTROLLER Video Game Console Picture,524.95
PS5 - PlayStation 5 Console Disc Version **Ship Fast** üí®,805.0
‚úÖSONY PLAYSTATION 5  PS5 DISC VERSION  BRAND NEW  IN HAND READY TO SHIP‚úÖ,730.0
Sony PlayStation 5 Console DISC Version PS5 - IN HAND - FREE SHIPPING,1200.0
Sony PlayStation 5 Digital¬†Edition (IN HAND  READY TO SHIP!!!) üöö,950.0
‚ú®‚ú®Playstation 5 PS5 Console Disc BUNDLE. PULSE HEADSET + EXTRAS  FREE SHIP!‚ú®‚ú®üéÑ,920.0
playstation 5 disc version READY TO SHIP TODAY,790.0
‚úÖIN HAND‚úÖ Sony Playstation 5 PS5 Disc w/ Extra Controller & Spiderman Bundle,1250.0
PS5 Sony PlayStation 5 CONSOLE DISC Version BRAND NEW - FREE OVERNIGHT SHIPPING,1499.0
SONY PLAYSTATION 5 DISC CONSOLE- IN HAND READY TO SHIP! SAME DAY SHIP!!,1049.95
Sony playstation 5 (Disc Version) brand new  sealed,1099.95
Playstation5 Disk Edition - Extra Controller Brand New,830.0
NEW IN HAND Sony PlayStation 5 Console Disc Version FAST SHIPPING & UNOPENED üéÅ,999.0
playstation 5 disc version,800.0
Sony ps5 console disc version Playstation 5,950.0
PlayStation 5 Console,920.0
Playstation 5 Digital Edition - No Reserve,780.0
Sony PlayStation 5 Console - White,675.0
Sony PlayStation 5 Console Disc Version - PS5 (IN HAND),1200.0
** New Unopened Playstation 5 (PS5) with Disc ready to ship **,780.0
Sony PlayStation 5 PS5 Console Disc Version  * NIB IN HAND SEALED FAST SHIPPING¬†,799.99
üéÆSony PS5 PlayStation 5 Console Disc Version Bundle,1325.0
Sony Playstation 5 PS5 Disc - IN HAND - FAST SHIPPING ‚úÖ TRUSTED SELLER ‚úÖ,1299.24
PS5 - PlayStation 5 Console Disc Version,790.0
NEW( PS5 Bundle) Sony PlayStation 5 Console Disc Version - In Hand - 100% Seller,860.0
Playstation 5 PS5 Disc Video Game Console In Hand Ships Immediately,990.0
PlayStation 5 Disc with Extra Controller,700.0
sony playstation 5 ps5 console disc Edition,712.0
Sony PlayStation 5 825GB - White (READ BEFORE YOU BUY),499.99
Sony PlayStation 5 PS5 Console Disc Version Console In Hand Ready To Ship,950.0
Sony PlayStation 5 Console DIGITAL Version (PS5) Brand New  SHIPS NOW üööüí®,1249.99
Sony Playstation 5 (PS5) DIGITAL¬†Edition Brand New IN HAND FAST SHIPPING,979.0
1 DAY AUCTION BRAND NEW Sony PlayStation 5 Console Disc Version PS5¬† Ships TODAY,915.0
Sony PlayStation 5 Console - Disk Version,840.0
Sony Playstation 5 Console-Disc Version (Brand New),740.0
Sony PlayStation 5  Disk Console + Bundle - IN HAND | SHIPS QUICKLY ***SEALED***,890.0
Sony PlayStation 5 PS5 Disc Version - Brand New - IN HAND - FREE FAST SHIPPING,1049.95
Sony PlayStation 5 Digital Edition Picture - PLEASE READ DESCRIPTION,499.99
BRAND NEW Sony PlayStation 5 Bundle Console Disc Version PS5.,880.0
Playstation 5 PS5 Standard (Disc) In hand Sealed,919.0
PS5 Sony PlayStation 5 Disc Version Console UNOPENED  IN HAND READY TO SHIP!,850.0
PS5 - PlayStation 5 Console Disk Version - BRAND NEW - NIB - Quick Ship,990.0
Brand new unopened Playstation 5! ,760.0
Sony PlayStation 5,780.0
Sony PlayStation 5 PS5 Console Disc Version Console In Hand Ready To Ship,850.0
Sony PlayStation 5 PS5 Disc Bundle-COSTCO-Spider Man+Xtra Controller-FAST SHIP!,710.0
playstation 5 disc version,780.0
Sony PlayStation 5 Console Disc Version (PS5) Brand New  SHIPS NOW üööüí®,780.0
Sony PlayStation 5 Console - White,795.0
BUNDLE! Sony PlayStation 5 Disc  Pulse Headset  Extra Controller  Call of Duty!!,1050.0
Sony PlayStation 5 Console (PS5) - Disc BRAND NEW SHIPS NOW üööüí®,765.0
PS5 Sony Playstation 5 Console Disc Edition(Spiderman Bundle  SHIPS FAST  TODAY),1399.0
Sony Playstation 5 Disc Version PS5 - NEW IN HAND FREE SHIPPING!,969.0
PlayStation 5 GameStop Ultimate Gamer Bundle,1500.0
Sony PlayStation 5 Standard Disc Console Bundle PS5 FREE SHIPPINGüéÆ‚úÖread!!,890.0
Sony PlayStation 5 Console Disc Version (PS5) Brand New  SHIPS NOW üööüí®,1200.0
Playstation 5 console BRAND NEW UNOPEN,750.0
PlayStation 5 Disc Edition Console With Extra Controller NEW ,770.0
Sony PlayStation 5 Bundle PS5 Disc Version  Spiderman Game  1 Mo. PS Membership,1175.0
Sony PlayStation 5 Console - White,830.0
Sony PlayStation PS5 console disc version BRAND NEW WILL SHIP FAST,810.0
Sony Playstation 5 PS5 Disc Version *BOX ONLY NO CONSOLE* SHIP ASAP,780.0
Sony PlayStation 5 Standard Disc Console Bundle PS5 FREE SHIPPINGüéÆ‚úÖread!!,880.0
üî• Sony PlayStation 5 Console Disc Version (PS5)  New  IN HAND!  SHIPS NOW üî•,750.0
Sony PlayStation 5 Disc IN HAND,1000.0
Sony PlayStation 5 Console - White - DISC VERSION - GET IT NOW BEFORE HOLIDAYS,731.0
Sony playstation 5 ps5 disc version. 100% positive rating. Over 300 transaction,999.99
Sony PlayStation 5 Disc Bundle - White,785.0
PS5 PlayStation 5 Console Disc Version  Spiderman Game  Extra Controller Bundle,1200.0
PS5 Sony Playstation 5 Console Disc Version In Hand READY TO SHIP Unopened,890.0
PS5 PlayStation 5 Console Standard (Disc) Version Pre Order From Target,1100.0
PlayStation 5 ,499.0
PlayStation 5 PS5 Disc Version Console Bundle of 4 Games & Extra Controller,1225.0
Sony PlayStation 5 Console - White,750.0
PS5 Sony Playstation 5 Console Disc Version GameStop Bundle "Brand NEW" IN HAND,820.0
Sony PlayStation 5 Console Disc Edition - Brand New In Hand,825.0
PS5 - PlayStation 5 Console Disc Version IN HAND Ready To Ship!,660.0
Sony PlayStation 5 Console - White,850.0
Sony PlayStation 5 Console (PS5) - Disc Version - In-hand - Ships Fast,730.0
PS5 SONY PLAYSTATION 5 CONSOLE DIGITAL VERSION + Spiderman,795.0
Sony Playstation 5 Console,825.0
Sony Playstation 5 PS5 Console Disc Version,690.0
Sony PlayStation 5 Console Disc Version PS5. IN HAND üî•BRAND NEW SHIPS TODAYüî•,679.0
Sony PlayStation 5 PS5 - Digital Console | BRAND NEW ‚úÖ FAST SHIPPING‚úÖ,1200.0
Sony PlayStation 5 PS5 console disc version w/ FREE SHIPPING [IMAGE ONLY]¬† READ,499.0
Sony PlayStation 5 Standard Disc Console Bundle PS5 FREE SHIPPINGüéÆ‚úÖread!!,1007.99
Sony - PlayStation 5 digital edition console.¬†,770.0
Sony PlayStation 5 Console Disc Edition Spiderman + Extra Controller Bundle,850.0
Sony PlayStation 5 Bundle (PS5  Extra controller  Spider-Man Launch Edition),760.0
Sony Playstation 5 DIGITAL¬†Edition PS5 - Brand New - Unopened - Ready To Ship,1095.0
SONY PLAYSTATION PS5 Digital Edition Bundle ***EXTRA*** All BRAND NEW & SEALED,1500.0
NEW Sony Playstation 5 PS5 Disc Version IN HAND SHIPS TODAY,730.0
Playstation 5,755.0
üö®Sony PlayStation 5 Console DISC VERSION BRAND NEW IN HAND READY TO SHIPüö®,1100.0
Sony PlayStation 5 PS5 BUNDLE Console Disc Version NEW IN HAND Ships 12/9,1136.11
Sony PlayStation 5 Console Disc Version PS5 IN HAND** FREE SHIPPING**üî•,1100.0
Sony PlayStation 5 Console - White..In Hand Ready To Ship..Walmart Receipt Incld,720.0
Playstation 5 disc version ,710.0
Sony PlayStation (PS5) Disc Version Bundle,850.0
Sony PlayStation 5 Console Disc Version PS5 - Brand New Sealed In Hand,900.0
PlayStation 5 Disc Edition,900.0
Sony PlayStation 5 Console - White,770.0
PlayStation 5 disc version with controller (NEW / READY TO SHIP),690.0
Sony Playstation 5 Disc Version In hand Ships Same Day US Seller,1050.0
Brand New Playstation 5 ,910.0
Sony PlayStation 5 Console - PS5 Disc Version * NEW * IN HAND * FAST SHIPPING *,1025.0
Sony PlayStation 5 PS5 Disc Bundle IN HAND. Ships NOW. Spiderman/extra Control,949.0
Sony PlayStation 5 Console - White,760.0
Sony PlayStation 5 Console PS5 Disc Version Costco Bundle with Spiderman,850.0
playstation 5,849.0
Playstation 5 console disc version,920.0
SONY PLAYSTATION 5 DISC VERSION BRAND NEW SEALED *FREE SHIPPING*,998.0
Sony PlayStation 5 Console - White,670.0
NEW Sony Playstation 5 Console Disc Version (PS5)üî•FREE NEXT DAY SHIP üööüî•,1149.95
PlayStation 5 Console - Disc Edition,860.0
Playstation 5 - Disc Version. PS5. *IN HAND* SHIPS SAME DAY *NO RESERVE*,715.0
Sony PlayStation 5 Console - White,700.0
Sony PlayStation 5 Console Disc Version PS5 + Controller Spider-Man Death Souls,620.0
SONY PLAYSTATION 5 PS5 DISC VERSION *ON HAND* WILL SHIP ASAP,810.0
Sony PlayStation 5 Console - White,700.0
Playstation 5 Disc Version ,800.0
Sony PlayStation 5 Console Disc Edition ,740.0
Sony PlayStation 5 PS5 Disc / BluRay Edition - Brand NEW - IN HAND  SHIPS NOW,1199.99
Sony PlayStation 5 Console Disc Version PS5 Brand New - IN HAND - SHIPS NOW!,1094.88
PS5 PlayStation 5 Console Disc Version - Brand New Sealed In Hand Ready To Ship,810.0
Sony PlayStation 5 Console Disc Version (PS5) Brand New  SHIPS SAME DAY üööüí®,840.0
Sony PlayStation 5 Console Disc Version PS5  Mega Bundle (Nine Items) Ships Fast,1599.0
Playstation 5 disc version bundle!! ALL IN HAND,900.0
Sony PlayStation 5 Console w/ Extra DualSense Controller,810.0
Playstation 5,810.0
Sony PlayStation 5  PS5 Console Disc üî•in Hand Ready To Shipped üöÄfast And Safe,1054.0
Sony PlayStation 5 Console Disc Version 1 Controller  Brand New In Hand Now,610.0
Sony PlayStation 5 Gaming  Console Bundle,840.0
Sony PlayStation 5 Console-disc version. New/Sealed. Free shipping. ,820.0
Sony PlayStation 5 Console (PS5) Disc Version - BRAND NEW - Expedited Shipping,810.0
Sony PlayStation 5 ¬†Console,700.0
Sony PlayStation 5 Console Disc Version PS5,750.0
Sony PlayStation 5 Console - White,850.0
Sony PlayStation 5 - PS5 DIGITAL¬†EDITION  BRAND NEW  IN HAND  READY TO SHIP,1049.0
Sony PlayStation 5 Console - White Disc version,870.0
üî•SHIPS TODAYüî•üïπSony PlayStation 5 PS5 Disc Version incl. Wireless Controller,1075.95
Playstation 5 Disc version *BRAND NEW* *Ships right away*,740.0
Sony PlayStation 5 Console - White - DISC VERSION - GET IT NOW BEFORE HOLIDAYS,711.0
Sony PlayStation 5 Console Disc Version (PS5) Brand New  Christmas Time üööüí®,605.0
Sony PlayStation 5 Console Disc Version - Ps5 in Hand | Ships Today,810.0
IN HAND PlayStation 5 Console Disc Version BRAND NEW FAST SHIPPING!,1100.0
PlayStation 5 Console Disc Version Costco Bundle PS5 ,1150.0
Sony PlayStation 5 Console Disc Version (PS5) Brand New  IN HAND SHIPS NOWüööüí®,670.0
NEW! PS5 PlayStation 5 Console Disc Version Bundle!!,930.0
PlayStation 5 Console Disc Version- ¬†Ready to Ship- Free Fast shipping,1100.0
Sony PlayStation 5 Disc Version - Ships ASAP!,925.0
PlayStation 5 Console Disc Version,930.0
Sony PlayStation 5 (PS5) Disc Version Console | ‚úÖ NEW ‚úÖ IN HAND ‚úÖ READY TO SHIP,1199.0
Sony PlayStation 5 (PS5) - Disc Version - IN HAND  READY TO SHIP,250.0
Sony Playstation 5 Digital Edition Console,710.0
PlayStation 5 IN HAND. Disc Version,900.0
SONY PS5 PlayStation 5 Console Standard Disc Version | IN HAND READY TO SHIP ‚úÖ,1099.99
Sony PlayStation 5 PS5 Console Disc Version Console *IN HAND* *SHIPS ASAP*,700.0
Sony Playstation 5 Costco Bundle In hand Ready To Ship,746.0
New Sealed Sony Playstation 5 Disc Version In Hand Ready To Ship,650.0
Sony Playstation 5 Digital Version Bundle¬† (IN HAND !READY TO SHIP!),710.0
Sony PlayStation 5 825GB Video Game Console - White,650.0
Sony PlayStation 5 - PS5 Disk Version - Brand New - Immediate Shipping!,700.0
PlayStation 5 ,650.0
Sony PlayStation 5 Console In HANDS - UPS shipping,950.0
Playstation 5 Disc Version New Sony,800.0
Sony PlayStation 5 Console Disc Version Brand New  Sealed  Ships Immediately,680.0
Sony PlayStation 5 Console Bundle,771.0
Sony PlayStation 5 Console Disc Version PS5,810.0
Sony PlayStation 5 Console w/Extra Controller & Spider-Man Miles Morales!,910.0
Sony PlayStation 5 PS5 Costco Bundle Console Disc Version Dual Controllers,1150.0
Sony PlayStation 5 Console Disc Version PS5 "NIB" üö®,900.0
Sony PlayStation 5 Console (PS5) - Disc BRAND NEW SHIPS NOW üööüí®,950.0
Sony PlayStation 5 Console Digital Edition - New,660.0
playstation 5 console disc version,980.0
New Sony Playstation 5 (Digital Edition) Model: 3005719,910.0
PLAYSTATION 5.   IN HAND,670.0
Sony PlayStation 5 Console (Disc) - FREE FAST SHIPPING! SOLD OUT EVERYWHERE!,715.0
Sony PlayStation 5 Bundle IN HAND !,1499.99
Sony PlayStation 5 Gaming Console Disc Version PS5  NEW #PS5CONDISCD,960.0
Sony PlayStation 5 Console Disc Version PS5. IN HAND. *BRAND NEW* Fast Shipping,900.0
playstation 5 digital edition,720.0
Sony 5 Playstation console Disc Version Picture Seconds count,400.0
sony playstation 5 ps5 console disc version (IMAGE ONLY) *read Description ,429.0
Sony PlayStation 5 Console Disc IN HAND BRAND NEW,899.0
NEW Sony PS5 Playstation 5 DISC VERSION Console With Controller SHIPS FAST ,990.0
Sony PlayStation 5 Console - White,675.0
Sony PlayStation 5 Console - White,711.0
Sony PlayStation 5 PS5 Standard Console Disc Version Blu Ray IN HAND BRAND NEW,870.0
üî•SONY PLAYSTATION 5 DISC Version Brand New Sealed Arrives Before Christmasüî•,929.99
PlayStation 5 Disc Edition Confirmed ,960.0
Sony Playstation 5 PS5 Disc Edition Console - SHIPS ASAP - NEW IN HAND!,975.0
PlayStation 5 PS5¬†Console Disc Bundle Extra Controller Spiderman PS Now,1200.0
PS5 - PlayStation 5 Console Disc Version **Ship Fast** üí®,920.0
Brand New Sony PlayStation 5 Console - White,680.0
BRAND NEW Sony PlayStation 5 Console Disc Version PS5.,1075.0
Sony PlayStation 5 Console - White PLEASE (READ DISCRIPTION) FCFS,200.0
PS5 PlayStation Console Digital Version - Brand New In Box,1049.99
Sony PlayStation 5 PS5 Console Disc Version Edition Bundle &Dualsense Controller,1749.5
Sony PlayStation 5 Console Digital Edition Version PS5 BRAND NEW IN HAND,949.99
Sony PlayStation 5 Console Disc Version-Brand New Ships ASAP,750.0
** FREE AIR SHIP - ‚úàÔ∏è üî• Sony PlayStation 5 Bundle Spider-Man TRUSTED SELLER ‚úÖ,1349.0
Sony PlayStation 5 Console - Brand New - White - Immediate Shipping,1234.0
sony playstation 5 ps5 console disc version,810.0
Sony PS5 PlayStation 5 Console - Disc Version,900.0
üî• Sony PlayStation 5 Console Disc Version (PS5) Brand New  SEALED! IN HAND! üî•,970.0
Sony playstation 5 console disc version,730.0
Sony PlayStation 5 Console - Disc Version - FAST SHIPPING,840.0
Brand New Sony PlayStation 5 Digital Edition Console,730.0
Playstation 5 Disc Version (New!!!),910.0
‚ö°Ô∏è PlayStation 5 (PS5) Console Disc Version - NEW - FREE SHIPPING! Insured ‚ö°Ô∏è,1150.0
Sony PlayStation 5 Console Disc Version PS5 IN HAND/BRAND NEW/SHIPS FAST,1299.97
Sony PlayStation 5 Console - White PNG *only a Picture Of The System,200.0
FAST SHIPPING - Sony PlayStation 5 PS5 Ultimate Gamer Bundle from GameStop,1399.0
üî•üî•üî• Sony PlayStation 5 Console Disc Version Brand New! üî•üî•üî•,760.0
Sony PlayStation 5 PS5 Console Disc Version *READY TO SHIP IN HAND*,960.0
Sony PlayStation 5 Console - White With Disc Drive,671.0
PlayStation 5 Disc Version-BRAND NEW Sealed PS5,740.0
Sony PlayStation 5 PS5 Console Disc Version Console In Hand Ready To Ship,660.0
Sony PlayStation 5 Console - PS5 Disc Edition - NEW - Fast 2-DAY shipping !,1049.38
Sony PlayStation 5 PS5 Console Disc Version NEW ,885.0
Playstation 5 console disc version,750.0
PLAYSTATION 5 BRAND NEW UNOPENED,760.0
PS5 - PlayStation 5 Console Disc Version **Ship Fast** üí®,770.0
*In-Hand & Sealed* PlayStation 5 PS5 Console Disc Edition Bundle *Free Shipping*,780.0
üî•Playstation 5 Ultimate Bundleüî•,900.0
ps5 - playstation 5 console standard disc version Fastest shipping possible!,800.0
Sony PlayStation 5 Digital Edition IN-HAND.,750.0
PS5 - PlayStation 5 Console Disc Version - IN HANDüî•- BRAND NEWüî• - SHIPS FASTüî•,949.99
Sony PS5 PlayStation 5 Console Disc Version SHIPS NEXT DAY,960.0
Sony PS5 Disc Version PLAYSTATION 5 Next Gen Console Brand New Ships now,1399.95
Sony Playstation 5 (PS5) DIGITAL¬†Edition (IN HAND) BRAND NEW Ships TODAY,850.0
Sony Playstation 5 (PS5) Console Disc Version. Brand New  In Hand  Ready To Ship,719.0
Sony PlayStation 5 Console Disc PS5 Controller Launch Spider Man Game Bundle New,1700.0
*SHIPS TODAY* Playstation 5 PS5 Console Disc Bundle: Extra Controller+SpiderMan,1299.95
Sony PlayStation 5 Standard Disc Version,810.0
Sony PlayStation 5 Disc version white new in box - in hand!,950.0
Sony PlayStation 5 Console Disc Version - PS5  Ships Same Day. Better than Xbox,810.0
üí•SONY PLAYSTATION 5üí• CONSOLE- DISC VERSION BRAND NEW/SEALED with receipt.¬†,1195.0
Sony PlayStation 5 Console - Digital,720.0
PS5 PLAYSTATION 5 DISC CONSOLE In Hand. Ships Next Day After Payment!,735.0
Sony Playstation 5 PS5 Disc Version On Hand Ready To Ship Sealed,660.0
Sony PlayStation 5 Console Bundle,770.0
Playstation 5 - Unopened!,740.0
Sony PlayStation 5 Digital Edition PS5 Brand New In Hand,949.0
Playstation 5 console,810.0
Sony Playstation 5 PS5 console Disc Version,810.0
PLAYSTATION 5 PS5 Console-Disc Version (Brand New And Sealed),999.99
*IN HAND* Sony PlayStation 5 PS5 Console Disc Bundle Extra Controller Sackboy,1199.99
PlayStation 5 Disc Console - IN HAND - SHIPS SAME DAY!! FAST (NEW/SEALED),1099.95
Sony PlayStation 5 Console Disk Version PS5 SHIPS NOW!üî• IN-HAND Same day Shipüî•,1029.0
Sony PlayStation 5 Console Disc Version- White PS5,830.0
Sony PlayStation 5 Console - White,720.0
PlayStation 5 Console,620.0
Playstation 5 console,800.0
Sony PlayStation 5 Console Disc Version bundle - Ps5 in Hand | Ships Today  ,950.0
Sony PlayStation 5 825GB Video Game Console Disc version- White - In Hand,690.0
Sony PlayStation 5 Console Disc Version PS5 - IN HAND - SEALED - SHIP TODAY,1199.0
Sony PlayStation 5 Console - White,701.0
Sony PlayStation 5 - PS5 - Console Standard Disc Version - In Hand READY TO SHIP,780.0
playstation 5 digital edition - PS5 (BRAND NEW - UNOPENED),970.0
üéÅ Sony PlayStation 5 [PS5][DISC] Console Version | ‚úÖ NEW ‚úÖIN HAND,860.0
Sony Playstation  P$5  PS Disc Version + Bundle *In Hand Sealed* Same Day ShipÔøΩÔøΩÔøΩ,1250.0
Sony Playstation 5 (PS5) DIGITAL¬†Edition **IN HAND - BRAND NEW**,825.0
Sony PlayStation 5 Console - White,810.0
BUNDLEüî•Sony PlayStation 5 Digital + Extra Dualsense Controller + Charging Stati,1049.99
BRAND NEW Sony PlayStation 5 Console Disc Version PS5. Ships Fast!,720.0
PS5 - Playstation 5 Console Disc Version In Hand Ready to Ship,795.0
SONY PlayStation 5 PS5 Console - Disc Version - Preowned,940.0
PlayStation 5 Disc Version Console New/Unopened In Hand Ready To Ship,627.0
PS5 - PlayStation 5 Console Disc Version,860.0
PS5 Sony PlayStation 5 Console Disc Version Brand New In Hand Overnight Ship,1599.0
Sony PlayStation 5 Console Bundle with Extra Controller & Charger - Brand New,1149.0
PS5 Playstation 5 Console Disc Version *IN HAND* UPS Shipping SAME DAY SHIPPING,650.0
PS5 Sony PlayStation 5 Console Digital Version - In Hand and Ready To Ship!!,760.0
¬†In hand! ¬†Sony PlayStation 5 Disc 825GB Video Game Console - White. ¬†New!,700.0
Sony Playstation 5 Console Disc Version ,700.0
Sony PlayStation 5 Console - Brand New - White - Immediate Shipping,740.0
Sony PlayStation 5 Bundle W/ 2 Games And 2 Controllers,1025.0
Sony PlayStation 5 Console - PS5 Disc Version *NEW* IN HAND WITH WALMART RECEIPT,790.0
Sony Playstation 5 (PS5) DIGITAL¬†Edition - IN HAND - READY TO SHIP FAST SHIPPING,800.0
Sony PlayStation 5 Console Disc PS5 - BRAND NEW SEALED IN HAND¬†,790.0
Sony PlayStation 5 PS5 Console DISC Version (IMAGE) *READ DESCRIPTION*,505.0
NEW IN BOX- PS5 Sony PlayStation 5 DISK VERSION  Video Game Console - RARE,670.0
PlayStation 5 Disc Version,810.0
Sony PlayStation 5 Console Disc Version PS5 -White: Factory sealed,710.0
Sony Playstation 5  Digital Edition PS5 NEW¬†,709.0
PS5 - PlayStation 5 Console Disc Standard Version - IN HAND CONSOLE DAMAGED BOX,860.0
Sony Playstation 5 (PS5) DIGITAL¬†Edition Brand New IN HAND READY READY TO SHIP,1100.0
Sony PlayStation 5 Disc Edition Console - Confirmed PREORDER,1000.0
Sony PlayStation 5 Console - White (Disc Edition) New & Unopened,750.0
Sony PlayStation 5 Disc Console - White,750.0
Sony PlayStation 5 Console - White - Disk Version - In Hand- Ships - ASAP!!!¬†¬†,705.0
New Sony Playstation 5 Digital Edition PS5 ON HAND READY TO SHIP,700.0
Sony PlayStation 5 Digital REMOTE+Extra Controller ‚Äì‚Äì BUNDLE IN-HAND  SHIPS FAST,760.0
Sony PlayStation 5 Console - White,651.0
Sony PlayStation 5 Console - White,850.0
playstation 5,797.0
Sony PlayStation 5 Disc Version - Brand New Sealed In Hand - Ships Fast,810.0
Sony Playstation 5 (PS5) DIGITAL¬†Edition **IN HAND** read description ,890.0
NEW SEALED - Sony PlayStation 5 Console Standard Disc Version - FREE SHIPPING,815.0
Playstation 5 console Disc Edition PS5 BRAND NEW IN HAND FAST ships next day,999.99
playstation 5 disc version,760.0
[Confirmed Order] Sony PlayStation 5 Console Bundle Costco,710.0
Sony PlayStation 5 Console Disc Version - Ps5 in Hand | Ships Today,740.0
üï∑*IN HAND* Sony PlayStation 5 PS5 Console Disc Spiderman Bundle Extra Controlüï∑,910.0
sony playstation ps5 digital edition,810.0
PlayStation 5 PS5 Console Disc Godfall Cold War IN HAND SHIPS TODAY Bundle,1299.98
Sony playstation 5 ps5 console disc version,850.0
Playstation 5 Console,800.0
Sony PlayStation 5 Console - White (BRAND NEW) (UNOPENED),760.0
SONY PLAYSTATION 5 New in Box - White¬† Disc Version,610.0
BRAND NEW PLAYSTATION 5 PS5 DISC VERSION IN HAND & READY TO SHIP!!!,1050.0
PlayStation 5 Disc Version¬†,880.0
Sony PlayStation 5 Bundle PS5 Disc Version Console! 100% Rated & Trusted Seller!,1000.0
Sony Playstation 5 Disc Version PS5 DISC VERSION US - IN HAND & SHIPS SAME DAY!,950.0
Sony PlayStation 5 -Costco Bundle Console Disc Version - IN HAND - FREE SHIPPING,1345.0
Playstation 5 Bundle Extra Controller And Spider-Man In Hand Ready To Ship,700.0
SONY PLAYSTATION 5 PS5 DISC VERSION *ON HAND* WILL SHIP ASAP,800.0
PLAYSTATION 5 DiSC VERSION PS5 SONY Ships SAME DAY,1495.0
Sony PlayStation 5 PS5 Disc Version Costco Bundle Extra Controllerüî•FREE SHIP!,1149.0
SONY PLAYSTATION 5 PS5 DISC EDITION GAMESTOP EXCLUSIVE BUNDLE - FREE SHIPPING,896.0
Sony PlayStation 5 Console - White,650.0
Sony PlayStation 5 PS5 Disc Version - IN-HAND - FREE SHIPPING,1200.0
Sony PlayStation 5 Console Disc- White Ships Fast!!! üî•üî•,750.0
Sony Playstation 5 Console PS5 Disc BUNDLE IN HAND READY TO SHIP NEW SEALED,1300.0
Sony PlayStation 5 Console - White,870.0
PlayStation 5 Standard Edition Disc Edition ,720.0
Sony PlayStation 5 Console - White,785.0
Sony PlayStation 5 Console - White (Disc Version),810.0
New Sony PlayStation 5 (PS5) Disc Version 2 Controller SpiderMan Ps Now Bundle,1025.0
Sony PlayStation 5 Console - PICTURE - White - Ready to Ship (READ DESCRIPTION),610.0
SONY PLAYSTATION 5 PS5 DISC GAMESTOP SPIDER MAN COD BUNDLE  Fast Shipping! ,801.0
Sony PlayStation 5 Console Disc Version (PS5) Brand New,860.0
Sony PlayStation 5 Console Disc Version (PS5) All New With Call Of Duty,685.0
Sony PlayStation 5 Console - White - Disk version - On hand Ready To Ship.,810.0
Sony PlayStation 5 Console - White DISK VERSION (BRAND NEW IN BOX) UNOPENED!!!,800.0
sony playstation 5 ps5 console disc version,790.0
Sony PlayStation 5 Console - White,721.0
IN HAND Sony Playstation 5 PS5 Disc w/ Extra Controller & Spiderman Bundle,910.0
Sony PS5 PlayStation 5 Console Disc Version Bundle (Controller  PS Plus  Game),1200.0
Playstation 5 Digital *pic* READ DESCRIPTION,500.0
Sony Playstation 5 Bundle (4 games + extra controller included),940.0
Sony PlayStation 5 Disc Edition PS5 Costco Bundle FREE SHIPPING,1299.0
Sony Playstation 5 DISC EDITION (READY TO SHIP),950.0
Sony PlayStation 5 Console - White,630.0
Playstation 5 PS5 - Ready to Ship ASAP,760.0
IN-HAND - Sony PlayStation 5 Console Disc Version PS5 New ‚ö°‚ö°FAST SHIP‚ö°‚ö°,1070.0
playstation Disc Edition,720.0
Playstation 5 Disc Version -- PS5 -- BRAND NEW -- SHIPS FAST,771.0
Sony PlayStation 5 Console PS5 White Blu-Ray Disc Edit,729.0
sony playstation 5 ps5 console disc version,720.0
Sony PlayStation 5 Console (PS5 Disc Version) GET IT BEFORE CHRISTMAS!!!,660.0
Sony ps5 console disc version Playstation 5,860.0
PlayStation 5 Bundle,999.0
Sony PlayStation 5 (PS5) Standard Disc Edition Brand New Unopened.,990.0
PlayStation 5 Console Disc Version (Costco Bundle - PS5),1100.0
SONY PLAYSTATION 5 - DISC VERSION EDITION CONSOLE - IN HAND - SHIP ASAP,999.0
PS5 Disc Version - PlayStation 5 Console,830.0
Sony PlayStation 5 PS5 Console - Disc Version - Reliable Seller - Ships ASAP,975.33
Sony PlayStation 5 Console (PS5) - Disc BRAND NEW SHIPS NOW üööüí®,890.0
Sony Playstation 5 (PS5) Standard Disc Edition,1700.0
Brand New  Sony PlayStation 5! PS5 Disc Version Ready To Ship!! FREE SHIPPING!,855.0
sony playstation 5 ps5 console disc version,860.0
Sony PlayStation 5 Console (Disc Edition) - White,649.99
playstation 5 Disc Edition In Hand With Receipt!,710.0
Sony Playstation 5 Disc Version Spiderman Bundle *IN HAND READY TO SHIP*,1200.0
Sony PlayStation 5 Console - BRAND NEW - READY TO SHIP,999.0
Sony PlayStation 5 Console -  Disc Version (PS5) Brand New  In hand - SHIPS NOW ,1399.95
Sony PlayStation 5 Console - White,850.0
Sony PlayStation 5 Console Disc Version - Ps5 in Hand | Ships FAST!¬†,810.0
Sony Playstation 5 Digital Edition Brand New In Box In Hand and Ready to Ship,750.0
Sony PLAYSTATION 5 Console DISC Version PS5 BUNDLE BRAND NEW!,910.0
NEW! Sony PlayStation 5. Ready To Ship ASAP!,800.0
Sony PS5 Brand New PlayStation 5 Console Disc Edition Fast Ship,998.95
Sony PlayStation 5 Bundle W/ Spider-Man & Extra Controller *Shipped same Day*,1300.0
Sony Playstation 5 - Disc Edition,950.0
SONY PLAYSTATION 5 PS5 CONSOLE (DISC EDITION) BRAND NEW - SHIPS IMMEDIATELY,725.0
BRAND NEW - Sony Playstation 5 Console Disc Version PS5¬†,824.0
Sony PlayStation 5 Console - White,730.0
Sony PlayStation 5 Console - White *IN HAND,651.0
Sony PS5 Playstation 5 Console Disc Version - IN HAND UPS 2nd Day Insured ,710.0
üî• Sony PlayStation 5 Console Disc Version PS5 *IN HAND BRAND NEW FAST SHIPüî•,720.0
Sony PlayStation 5 Console - White,785.0
Sony Playstation 5 (PS5) 825GB Console Disc Version FREE SHIPPING,780.0
Sony - PlayStation 5 Disc Console | Sealed & Brand New,860.0
Sony PS5 PlayStation 5 DISC Version Edition Console IN HAND READY FOR XMAS!,560.0
Sony PlayStation 5 Console Disc Version PS5 Brand New IN HAND SHIPS NOW!!!,1100.0
Sony PlayStation 5 Disc Version/Includes everything pictured/NIB -Free Shipping!,811.0
PlayStation 5 (PS5) Console Disc Version - In Hand! SHIPS FREE ASAP,810.0
playstation 5 console disc version,810.0
PlayStation 5 Digital Bundle **In Hand**,1199.99
Sony Playstation 5 Digital Edition PS5 NEW IN HAND Fast Shipping ASAP,1099.0
Playstation 5 disc version brand new 2020 READ DESCRIPTION ,300.0
*Sony PlayStation 5 PS5 Console DISC -  Brand NEW/SEALED in Hand Ready 2 Ship!*,900.0
Sony PlayStation 5 PS5 Standard Console ‚úÖ IN HAND ‚úÖ üì¶ FREE SHIPPING üì¶,1000.0
Sony PlayStation 5 Console (Standard Disc Edition) - Ready to Ship,760.0
SONY PLAYSTATION 5 DISK VERSION PS5 (IN HAND) READY TO SHIP ASAP BRAND NEW! üëçüëç,885.0
Sony PlayStation 5 Console - brand new still sealed!!!! Free shipping  same day!,969.0
Sony PlayStation 5 Console - White,710.0
PlayStation 5 Bundle  Disc Edition  Extra Controller  Watch Dogs Legion PS5,750.0
Sony PlayStation 5 Console- Disc Version- Brand New/Unopened- Ships Immediately¬†,630.0
Sony Playstation 5 PS5 Console Disc Version - SEALED,730.0
playstation 5 disc version,760.0
Sony PlayStation 5 Console Disc Version PS5. IN HAND üî•BRAND NEW SHIPS NOWüî•,1499.99
Sony PlayStation 5 Console Disc Version (PS5) Brand New - Ships Today,1298.85
