Listing Title,Price,Date,Time
Sony PlayStation 5 Digital Edition Console (Extra Controller / Camera),1200.0,Dec-8,15:51
PS5 - PlayStation 5 Console Disc Version.  Ships Same Business Day,975.0,Dec-8,15:50
Sony playstation 5 ps5 console disc version New in unopened box.Ships same day! ,900.0,Dec-8,15:50
NEW Sony PlayStation 5 Disc Version Console PS5 ** BRAND NEW Sealed In Hand **,925.0,Dec-8,15:50
Sony PlayStation 5 Console - White ***Cat Not Included!***,965.0,Dec-8,15:49
NEW Sony PlayStation 5 Console Disc Version (PS5) (SEALED IN HAND READY TO SHIP),920.0,Dec-8,15:49
Ps5 Sony Playstation 5 Disc Version BUNDLE 2 Games + Controller + 1,1075.0,Dec-8,15:48
IN HAND Sony PlayStation 5 DISC EDITION Console READY TO SHIP NOW!! 23 Yr Seller,980.0,Dec-8,15:48
Sony PlayStation 5 Console Disc Version (PS5) Brand New  SHIPS NOW üööüí®,1015.0,Dec-8,15:48
PS5 PlayStation 5 Disc Console - On Hand SHIP TODAY!,939.99,Dec-8,15:47
Sony PlayStation 5 PS5 Disc Console W/ Spider-Man and Extra Controller *IN HAND*,1000.0,Dec-8,15:47
Sony PlayStation 5 Console Disc Version PS5. IN HAND üî•BRAND NEW SHIPS TODAYüî•,1099.0,Dec-8,15:47
Sony Playstation 5 Disk Version,949.99,Dec-8,15:47
üî•SONY PLAYSTATION 5 DISC Version Brand New Sealed Arrives Before Christmasüî•,929.99,Dec-8,15:47
ps5 - playstation 5 console standard disc version With overnight priority ship.,1199.0,Dec-8,15:46
Brand New Playstation 5 Consule ,889.0,Dec-8,15:46
Sony PlayStation 5 PS5 Standard Console Disc Version Blu Ray IN HAND BRAND NEW,811.99,Dec-8,15:46
New Sony Playstation 5 - PS5 - Disc Console - IN HAND - Ready to SHIP,1175.0,Dec-8,15:45
Sony PlayStation 5 Console Disc Version - Ps5 in Hand | Ships Today,930.0,Dec-8,15:44
Sony Playstation 5 (PS5) 825GB Console Disc Version  Brand New NIB Free Shipping,1025.0,Dec-8,15:44
SEALED Sony PlayStation 5 DIGITAL VERSION Console In Hand,900.0,Dec-8,15:43
Playstation 5 Disc Version *IN HAND* Brand New. Unopened Box,880.0,Dec-8,15:41
Sony PlayStation 4 PS4 500GB Grand Theft Auto GTA 5 Bundle Very Good 0Z,399.2,Dec-8,15:37
Sony PlayStation 5 Console PS5 w/ Extra DualSense Controller - Ready to Ship,1170.0,Dec-8,15:37
Playstation 5 console disc version,950.0,Dec-8,15:36
PlayStation 5 Digital Edition Bundle w/ Extras!- In Hand! Immediate Ship!¬†,955.99,Dec-8,15:36
Sony Playstation 4 Ps4 Slim 500GB Black Console With 5 Games 2 Controllers,425.0,Dec-8,15:35
PlayStation 5 PS5 Console Disc Version Brand New In Hand Trusted Seller,1000.0,Dec-8,15:35
Sony Playstation 5 PS5 Console Disc Version New (Costco Gaming Bundle) *IN HAND*,1099.99,Dec-8,15:32
PS5 - Sony Playstation 5 Console Disc Version - IN HAND - BRAND NEW & SEALED,949.0,Dec-8,15:32
playstation 5 standard edition pS5,940.0,Dec-8,15:28
PS5 - PlayStation 5 Disc Version,940.0,Dec-8,15:28
Sony PS5 Console Disc Version PlayStation 5 Brand New IN HAND SHIPS FAST üî•üööüí®,1299.0,Dec-8,15:28
Sony PlayStation 5 825GB Video Game Console - White,550.0,Dec-8,15:27
Sony PlayStation 5 PS5 Disc Version - Brand New - IN HAND - FREE FAST SHIPPING,1049.95,Dec-8,15:26
Sony PlayStation 5 Console Disc Version PS5 IN HAND** FREE 2 DAY SHIPPING**üî•,1099.0,Dec-8,15:26
Sony PlayStation 5 PS5 Console Disc Version Console In Hand Ready To Ship!!!!,940.0,Dec-8,15:26
Sony PlayStation 5 Console - White,950.0,Dec-8,15:26
Sony PlayStation 5 PS5 - Digital Console | BRAND NEW ‚úÖFREE FAST SHIPPING‚úÖ,999.99,Dec-8,15:24
Sony PlayStation 5 Console PS5 Disc Version Bundle w/ Controller  2 Games,1199.99,Dec-8,15:24
Sony PlayStation 5 Console Disc Version PS5. IN HAND. BRAND NEW.,920.0,Dec-8,15:23
Sony PlayStation 5 Console - White - Disc Version,900.0,Dec-8,15:21
Sony PlayStation 5üåü (PS5) NIB (READ PLEASE) ‚úÖ IN HAND üööüí® (PLEASE READ) üëÄ‚≠êÔ∏è,900.0,Dec-8,15:21
PS5 Sony Playstation 5 (DISC VERSION) *IN HAND* SHIPS ASAP,920.0,Dec-8,15:20
Sony PlayStation 5 Console Disc Version PS5 - Brand New Ships Next Day,991.0,Dec-8,15:19
playstation 5 digital edition,860.0,Dec-8,15:16
BNIB Sony PlayStation 5 PS5 Console Disc In Hand Ready To Ship NEW IN BOX,910.0,Dec-8,15:16
playstation 5 digital edition,802.0,Dec-8,15:16
Sony PS5 PlayStation 5 Digital Edition Console Brand New In Hand Ready to Ship,980.0,Dec-8,15:15
Sony PlayStation 5 Console - White,825.0,Dec-8,15:13
 Sony 5 Playstation console Disc Version  Picture Seconds count. Get it Now!,750.0,Dec-8,15:13
Sony PlayStation 5 PS5 Console Disc Version,893.0,Dec-8,15:12
playstation 5 Bundle Package,1275.0,Dec-8,15:12
Sony PlayStation 5 PS5 Disc Version - Console In Hand,900.0,Dec-8,15:12
Sony PlayStation 5 Console Disc Version PS5 IN HAND  BRAND NEW,919.0,Dec-8,15:12
Sony PlayStation 5 Gaming Console Disc Version PS5,850.0,Dec-8,15:08
Sony PlayStation 5 PS5 COSTCO BUNDLE Console Disc Version NEW IN HAND FAST SHIP,1099.99,Dec-8,15:08
Sony PlayStation 5 Console - In Hand  Immediate Shipment,860.0,Dec-8,15:08
Sony PlayStation 5 Gaming Console Disc Version PS5  NEW FAST SHIP UPS!!!,981.0,Dec-8,15:08
In Hand. Brand New Sony Playstation 5 Console (PS5) Standard Disc Edition,980.0,Dec-8,15:07
Sony PlayStation 5 - PS5 - Console Disc Version - BRAND NEW IN HAND * FREE SHIP,999.0,Dec-8,15:07
SONY PLAYSTATION 5 DISC Version - IN HAND READY TO SHIP - PS5 Brand New,999.0,Dec-8,15:07
Sony Playstation 5 (PS5) Disc Version *IN HAND  READY TO SHIP*,975.0,Dec-8,15:06
Sony PlayStation 5 Console - White  in hand¬†,860.0,Dec-8,15:06
PS5 Playstation 5 Console Disc Version *IN HAND* UPS Shipping SAME DAY SHIPPING,950.01,Dec-8,15:06
Sony PlayStation 5 Console (Disc Version) - IN HAND FAST SHIPPING!,890.0,Dec-8,15:04
Sony Playstation 5 Disc Version with Store Receipt,1050.0,Dec-8,15:02
Sony Playstation 5 (PS5) DIGITAL¬†EDITION. BRAND NEW With Extra Controller,1050.0,Dec-8,15:02
BRAND NEW! Sony PlayStation 5 Console Disc Version PS5 Ready To Ship! PS5 Disc,1000.0,Dec-8,15:00
Sony PlayStation 5 Console - Disc Version - In Hand - No Reserve - Insured,861.88,Dec-8,15:00
PS5  on hand  ready to ship  arrive before Christmas PLAYSTATION 5 NIB sealed,910.0,Dec-8,15:00
Sony PlayStation 5 PS5 Console Disc Version Console in Hand and Ready to SHIP!,945.0,Dec-8,15:00
Sony PlayStation 5 PS5 GameStop System Bundle ¬†- New  and Very Fast Shipping,1299.99,Dec-8,14:59
Sony PlayStation 5 Console Disc Version - NEW - ships today!,889.0,Dec-8,14:55
playstation 5 digital edition *BOX ONLY* *NO CONSOLE INCLUDED* *ONLY THE BOX*,21.5,Dec-8,14:55
Sony Playstation 1 Slim With 5‚Äù LCD Screen SCPH-101,99.0,Dec-8,14:54
Sony PlayStation 5 Console Disc Version PS5. IN HAND. BRAND NEW. SHIPS TODAY,960.0,Dec-8,14:52
PS5 Sony PlayStation 5 CONSOLE DISC Version MEGA GIFT BUNDLE,1225.0,Dec-8,14:52
Sony PlayStation 5 Console Disc Version Brand New; In Hand  Never opened,850.0,Dec-8,14:52
Sony PlayStation 5 PS5 Console Disc Version Console¬† ¬†BRAND NEW FACTORY SEALED¬†,935.0,Dec-8,14:51
Sony PlayStation 5 Console - PS5 Disc Version ** NEW ** IN HAND **¬†,920.0,Dec-8,14:49
Sony Playstation 5 Console Disc Version PS5. IN HAND. BRAND NEW. üî•SHIPS TODAYüî•,1000.0,Dec-8,14:49
Sony PlayStation 5 Digital Edition Console - FREE Fast Shipping üî•üî•üõ©üöÄ,1199.0,Dec-8,14:48
Playstation 5 Bundle Disc Version 2 Games 1 camera 2 remotes spiderman ,1300.0,Dec-8,14:48
New Sony PlayStation 5 Standard Edition (Disc Version) With Extra Controller,1111.0,Dec-8,14:47
PS5 Costco Bundle Extra Controller Spider-Man Game PlayStation Subscription,1080.0,Dec-8,14:47
Sony PlayStation 5 console Disc Version¬† Box Image,600.0,Dec-8,14:44
Playstation 5 Console Disc Version BUNDLE with extra Sony DualSense Controller,970.0,Dec-8,14:43
Sony PS5 PlayStation 5 Console Disc Version Bundle 2 Controllers Spider Man game,1329.0,Dec-8,14:42
PS5 Sony Playstation 5 Console Disc Version Brand New In-Hand Ships Fast!!! ,950.0,Dec-8,14:41
Sony PlayStation 5 Video Game Console - Disc Version ,900.0,Dec-8,14:41
Sony PS5 PlayStation 5 Disc Version - IN HAND - FREE SHIPPING - SHIP TODAY‚úÖ,949.99,Dec-8,14:39
Sony PlayStation 5 PS5 DIGITAL Bundle - Extra Controller - Media Remote,920.0,Dec-8,14:36
Sony PlayStation 5 Console Disc Version! BRAND NEW IN HAND! üî•,1050.0,Dec-8,14:34
Sony Playstation 5 Console (Disc Edition) **IN HAND  FREE OVERNIGHT SHIPPING**,1079.0,Dec-8,14:33
SONY PS5 Playstation 5 Console Disc Version Brand New In Hand Ships Fast,999.0,Dec-8,14:33
Sony PlayStation 5,490.0,Dec-8,14:32
Sony PlayStation 5 Console  Disc Version - White  Brand New   Same day shipping.,1100.0,Dec-8,14:32
Sony PlayStation 5 Console Disc Version PS5 IN HAND  BRAND NEW. SHIPS OVERNIGHT!,950.0,Dec-8,14:32
New Playstation 5 PS5 Disc Version in hand ready to ship GIFT RECEIPT INCLUDED,940.0,Dec-8,14:31
Sony PlayStation 5 Digital Edition Video Game Console - White (read Description),500.0,Dec-8,14:30
Sony PlayStation 5 PS5 Console Disc/Standard Version - STOCK üö® üéÑüéÖüéÅ,99.95,Dec-8,14:30
Sony PlayStation 5 PS5 Console Disc Version Brand New  IN HAND!! SHIPS TODAY!!,1199.99,Dec-8,14:29
Sony Playstation 5 PS5 Consile Disc Veesion NEW/SEALED,950.0,Dec-8,14:26
Sony Playstation 4 Pro 1tb 4k Console + Scuf Gaming Controller And GTA 5,164.5,Dec-8,14:26
Sony PlayStation 5 PS5 Costco Bundle Console Disc Version | IN HAND SHIPS ASAP,1100.0,Dec-8,14:25
Sony PlayStation 4 Console w/ 5 games & controller,152.5,Dec-8,14:25
Sony PlayStation 5 Console PS5 Disc Version Spider-man costco bundle SHIPS TODAY,1099.99,Dec-8,14:25
Sony playstation 5 ps5 console disc version Image Brand New *read Description,479.0,Dec-8,14:23
NEW Sony PlayStation 5 Console (PS5 Disc Version) Bundle SHIPS NEXT/SAME DAY,999.99,Dec-8,14:22
Sony PlayStation 5 PS5 Console Disc Version In-Hand Ready To Ship,1049.99,Dec-8,14:20
Brand New Playstation 5 / PS5 Disc Edition In Hand Fast Same Day Shipping,949.99,Dec-8,14:19
Sony Playstation 5 PS5 Digital Version Next Gen Console In Hand ,960.0,Dec-8,14:18
Sony Playstation 5 - PS5 Console DISC Version BUNDLE ***IN HAND*** SHIPS TODAY!,1300.0,Dec-8,14:18
Brand new Sony PlayStation 5 Console disc version - White. Ships within 24 hours,910.0,Dec-8,14:17
SONY PLAYSTATION 5 Console DISC Version - SONY PS5 will ship expedited,936.62,Dec-8,14:17
Sony Playstation 5 PS5 Console Disc Version *In-Hand!!!*,919.0,Dec-8,14:16
PS5 - PlayStation 5 Console Digital Edition  SEALED  IN HAND SHIPS NEXT DAY.,998.28,Dec-8,14:16
Sony PlayStation 5 Console Disc Version - PS5 in Hand | Ships ASAP Open Box¬†,925.0,Dec-8,14:16
NEW Sony Playstation 5 (PS5) DIGITAL¬†Edition IN HAND FREE SHIPPING FAST,950.0,Dec-8,14:14
Sony PlayStation 5 Console Disc Version (PS5) Brand New  SHIPS NOW üööüí®,980.0,Dec-8,14:14
Playstation 5 PS5 Disc Version Bundle *Fast Shipping*,1000.0,Dec-8,14:14
PS5 Playstation 5 Console Disc Version *IN HAND* UPS Shipping SAME DAY SHIPPING,950.0,Dec-8,14:12
Never used Sony Playstation 5 (PS5) DIGITAL¬†Edition with extra controller ,799.0,Dec-8,14:12
playstation 5 disc version Ready Ship Fast 2-3 Day Shipping!!!!,950.0,Dec-8,14:12
Sony Playstation 5 Console Disc Version Brand New - In Hand - Ready To Ship,1050.0,Dec-8,14:11
Sony PlayStation 5 PS5 Console Disc Version (IMAGE ONLY) *read description* READ,450.0,Dec-8,14:11
Sony PlayStation 5 825GB Video Game Console - White READ DESCRIPTION IMG ONLY,599.99,Dec-8,14:07
Sony PlayStation 5 Console Disc Version (PS5) Brand New!,930.0,Dec-8,14:07
Sony PlayStation 5 Console Disc Version PS5 Brand New IN HAND SHIPS NOW!!!,1100.0,Dec-8,14:06
PS5 PlayStation 5 Console Disc Edition Bundle w/ Controller  Charger & PS5 Game,1375.0,Dec-8,14:05
Sony PlayStation 5,480.0,Dec-8,14:04
SONY PLAYSTATION 5 PS5 DISC EDITION VIDEO GAME CONSOLE IN HAND READY TO SHIP,1025.0,Dec-8,14:03
Playstation 5 PS 5  Disc Version *IN HAND* *SHIPS TODAY*,960.0,Dec-8,14:02
Sony PlayStation 5 825GB Video Game Console - White (Description),250.0,Dec-8,14:02
Sony Playstation 5 DIGITAL¬†Edition PS5 - 1 Day Auction Brand New - Ready To Ship,1000.0,Dec-8,14:00
Sony PlayStation 5 Console - In Hand - Free FedEx Shipping,900.0,Dec-8,14:00
Sony PlayStation 5 Console - White,900.0,Dec-8,14:00
Sony PlayStation 5 Disc version w/ Spider-Man Miles Morales *IN HAND!*,890.0,Dec-8,14:00
Sony PlayStation 5 Console Disc Version PS5 üî•IN HAND üî• BRAND NEW READY TO SHIP,1000.0,Dec-8,13:59
Sony PlayStation 5 DISC VERSION PS5 Console IN HAND SHIPS Same Day,990.0,Dec-8,13:58
Sony Playstation 5 Digital Edition Console,949.99,Dec-8,13:56
Sony PlayStation 5 825GB Video Game Console - White *********description*******,600.0,Dec-8,13:56
*NEW Factory Sealed PlayStation 5 console (2020 Ps5),980.0,Dec-8,13:54
PS5 - PlayStation 5 Console Disc Version ***IN HAND AND READY TO SHIP***,950.0,Dec-8,13:53
Sony PlayStation 5 825GB DISC Version White READ Description ,550.0,Dec-8,13:53
PS5 Sony PlayStation 5 CONSOLE DISC Version BRAND NEW - FREE OVERNIGHT SHIPPING,1799.99,Dec-8,13:53
PS5 PLAYSTATION 5 DISC EDITION CONSOLE SPIDER-MAN BUNDLE IN-HAND *SHIPS FAST*,1099.99,Dec-8,13:52
Sony PlayStation 5 Disc Version - PS5- New In Box - In Hand,999.99,Dec-8,13:52
Sony PlayStation 5 Digital Version PS5 - Free Shipping! 100% RATED SELLER!,949.0,Dec-8,13:51
Sony PlayStation 5 Console Disc Version (PS5) Brand New READY TO SHIP!¬†,1100.0,Dec-8,13:51
PS5 Sony PlayStation 5 Console Disc Version (NEW IN HAND READY TO SHIP TODAY!!!),1199.99,Dec-8,13:49
SONY PlayStation 5 - PS5 Console DISC Version - IN HAND - FREE Shipping,1050.0,Dec-8,13:49
PlayStation PS Vita Slim LCD 2000 Black Pink 3.60 FW Good Condition,170.0,Dec-8,13:48
Pic of Sony PlayStation 5 825GB Video Game Console **READ DESCRIPTION**,449.0,Dec-8,13:47
Sony PlayStation 5 Console with Blu-Ray Disc Drive - White,860.0,Dec-8,13:47
Sony PlayStation 5 825GB Video Game Console PIC-ture **READ DESCRIPTION**,449.0,Dec-8,13:47
Sony playstation 5 ps5 console disc version Image Brand New *read Description,489.0,Dec-8,13:44
PS5 - PlayStation 5 Console Standard (Disc) Version - NEW (UNOPENED) **ON HAND*,934.28,Dec-8,13:43
SEALED Sony PlayStation 5 DIGITAL VERSION Console - White üî•Inhand/FAST SHIPPING,930.0,Dec-8,13:42
Playstation 5 (PS5) Console *Delivered Order* Disc Version SHIPS NOW AMZN,850.76,Dec-8,13:42
SONY PLAYSTATION 5 PS5 DISC VERSION CONSOLE BUNDLE * IN HAND & READY TO SHIP *,1100.0,Dec-8,13:42
Sony PlayStation 5 825GB. Have Receipt. AKA PS5  Same day Shipping!,900.0,Dec-8,13:41
Sony PlayStation 5 Console Disc Version PS5 IN HAND | BRAND NEW | SHIPS TODAY!,949.0,Dec-8,13:41
Sony PlayStation 5 PS5 COSTCO BUNDLE Console Disc Version NEW IN HAND! FREE SHIP,1325.0,Dec-8,13:39
Sony PlayStation 4 Pro 1TB Console - Black open box Comes ¬†with GTA5,275.0,Dec-8,13:39
Sony PlayStation 5 PS5 Standard Console Disc Version Blu Ray IN HAND BRAND NEW,870.0,Dec-8,13:36
Playstation 5 Bundle,1150.0,Dec-8,13:35
Sony PlayStation 5 PS5 Disc Edition - Buy from a Trusted Seller,1100.0,Dec-8,13:34
Sony PlayStation 5 Console Disc Version (PS5) Brand New & In Hand! üî• INSURED üî•,947.47,Dec-8,13:34
Sony PlayStation 5 Console - White. Read description.,499.99,Dec-8,13:33
PS5 SONY PLAYSTATION 5 CONSOLE DISC VERSION - IN-HAND!!! TRACKED SHIPPING üéÖüèª,1213.71,Dec-8,13:32
NIB SONY PLAYSTATION 5 - EXTRA CONTROLLER - MILES MORALES - FREE SHIP - PS5,1059.0,Dec-8,13:31
Sony PlayStation 5 Console DISC Version with gift receipt. BRAND NEW. UNOPENED.,910.0,Dec-8,13:31
Sony PlayStation 5 Console - PS5 Disc Version ** NEW ** IN HAND **,920.0,Dec-8,13:30
Sony PlayStation 5 PS5 Console (Disc Version) - NEW - IN-HAND - Ready To Ship,975.0,Dec-8,13:30
üî• Sony Playstation 5 825GB Disc Console NEW SEALED IN HAND! Fast Shipping üî•,860.0,Dec-8,13:26
Sony PlayStation 5 Digital¬†Edition Console PS5 ‚ö°Ô∏èIn Hand Ships Immediately‚ö°Ô∏è,999.0,Dec-8,13:25
BRAND NEW SEALED PlayStation 5 DISC [IN HAND FREE SHIPPING],930.0,Dec-8,13:24
üéÅ Sony PlayStation 5 (PS5) Disc Version Console | ‚úÖ NEW ‚úÖ IN HAND ‚úÖ SHIPS NOW!,1000.0,Dec-8,13:24
Playstation 5 DISC VERSION IN HAND Playstation Station 5 Sealed in Box¬†,898.38,Dec-8,13:22
Sony Playstation 5 DIGITAL¬†Edition PS5 In Hand BRAND NEW READY TO SHIP,912.0,Dec-8,13:21
Sony PS5 PlayStation 5 825GB Disc Ultimate System Bundle BRAND NEW SHIP SAME DAY,1550.0,Dec-8,13:21
Sony PlayStation 5 Console Disc Version (PS5) All New,1000.0,Dec-8,13:21
Sony PS5 Console DIGITAL Version PS5 Sealed - IN HAND - SHIPS TODAY,925.0,Dec-8,13:20
Brand New Sony PlayStation 5 Disc Edition Console,924.99,Dec-8,13:20
PS5 Sony PlayStation 5 Console Disc Version Ready to Ship,945.0,Dec-8,13:19
Sony PS5 PlayStation 5 Console Disc Version | Brand New | In Hand FAST SHIPPING,1100.0,Dec-8,13:17
üî• SONY PLAYSTATION 5 (PS5) DISC EDITION Console NEW-IN HAND - READY TO SHIP üî•,1025.0,Dec-8,13:16
Sony PlayStation 5 PS5 Console Disc Edition (IN HAND  SHIPS IMMEDIATELY),999.0,Dec-8,13:16
PlayStation5 Console (Disk) 2 CONTROLLERS Call of Duty Black Ops Cold War Bundle,1190.29,Dec-8,13:15
PS5 - PlayStation 5 Console Standard (Disc) Version - In Hand,975.0,Dec-8,13:14
Sony PlayStation 5 Console (PS5) - Disc BRAND NEW SHIPS NOW üööüí®,860.0,Dec-8,13:13
Sony PlayStation 5 Console (PS5) - Disc BRAND NEW SHIPS NOW üööüí®,720.0,Dec-8,13:12
Sony PlayStation 5 Console - White - Disk Edition,885.0,Dec-8,13:12
Sony PlayStation 5 Console - Disc version IN HAND,899.0,Dec-8,13:12
